adresse;rang;role;url;texte_alternatif
/actualites/video-immersive-360/;0;contenu;https://www.bluevistaprod.com/wp-content/uploads/2014/02/insta360pro.png;insta360pro
/actualites/motion-design-3d-et-mapping-a-paris-au-musee-rodin/;0;entete;https://www.bluevistaprod.com/wp-content/uploads/2023/05/Capture_From_Showreel-2.jpg;
/actualites/video-mapping-lyon-intercontinental-grand-hotel-dieu/;0;entete;https://www.bluevistaprod.com/wp-content/uploads/2023/05/Inauguration_Intercontinental-6.jpg;
/actualites/video-mapping-lyon-intercontinental-grand-hotel-dieu/;1;contenu;https://www.bluevistaprod.com/wp-content/uploads/2019/12/Inauguration_Intercontinental-11.jpg;Inauguration_Intercontinental-11
/actualites/video-mapping-lyon-intercontinental-grand-hotel-dieu/;2;contenu;https://www.bluevistaprod.com/wp-content/uploads/2019/12/Inauguration_Intercontinental-8.jpg;Inauguration_Intercontinental-8
/actualites/video-mapping-lyon-intercontinental-grand-hotel-dieu/;3;contenu;https://www.bluevistaprod.com/wp-content/uploads/2019/11/Inauguration_Intercontinental-6.jpg;Inauguration_Intercontinental-6
/actualites/video-mapping-lyon-intercontinental-grand-hotel-dieu/;4;contenu;https://www.bluevistaprod.com/wp-content/uploads/2019/11/Inauguration_Intercontinental-1.jpg;Inauguration_Intercontinental-1
/actualites/animation-3d-grande-arche-de-la-defense/;0;entete;https://www.bluevistaprod.com/wp-content/uploads/2023/05/image-article-contenu-1.png;
/actualites/animation-3d-grande-arche-de-la-defense/;1;contenu;https://www.bluevistaprod.com/wp-content/uploads/2023/05/image-article-contenu-1-1.png;eiffage-batiment-2
/actualites/bluevista-video-showreel-2023/;0;entete;https://www.bluevistaprod.com/wp-content/uploads/2023/10/230221-BV-Showreel2023-EDIT-009.00_00_01_11.Still007.png;
/actualites/bluevista-video-showreel-2023/;1;contenu;https://www.bluevistaprod.com/wp-content/uploads/2023/11/Photo-DP-3-scaled-1.jpg;My Ginger salon de yoga immersif
/actualites/bluevista-video-showreel-2023/;2;contenu;https://www.bluevistaprod.com/wp-content/uploads/2023/10/230221-BV-Showreel2023-EDIT-009.00_01_09_07.Still010.png;Amplitude_CloseUp-1
/actualites/bluevista-video-showreel-2023/;3;contenu;https://www.bluevistaprod.com/wp-content/uploads/2023/10/230221-BV-Showreel2023-EDIT-009.00_01_20_15.Still011.png;VR_Vince
/actualites/bluevista-video-showreel-2023/;4;contenu;https://www.bluevistaprod.com/wp-content/uploads/2023/10/230221-BV-Showreel2023-EDIT-009.00_01_37_05.Still012.png;Drone_FPV
/actualites/carte-de-voeux-video/;0;entete;https://www.bluevistaprod.com/wp-content/uploads/2023/05/CPROVoeux-2016.jpg;
/actualites/50ans-de-lpa-une-histoire-lyonnaise/;0;entete;https://www.bluevistaprod.com/wp-content/uploads/2023/05/LPA-1.jpg;
/actualites/koesio-carte-de-voeux-2023/;0;entete;https://www.bluevistaprod.com/wp-content/uploads/2023/10/221224-KOESIO-Carte_De_Voeux_2023-V3-1_0315.png;
/actualites/koesio-carte-de-voeux-2023/;1;contenu;https://www.bluevistaprod.com/wp-content/uploads/2023/10/221224-KOESIO-Carte_De_Voeux_2023-V3-1_0450.png;koesio_CDV_2023-2
/actualites/koesio-carte-de-voeux-2023/;2;contenu;https://www.bluevistaprod.com/wp-content/uploads/2023/10/221224-KOESIO-Carte_De_Voeux_2023-V3-1_2495.png;koesio_CDV_2023-5
/actualites/koesio-carte-de-voeux-2023/;3;contenu;https://www.bluevistaprod.com/wp-content/uploads/2023/10/221224-KOESIO-Carte_De_Voeux_2023-V3-1_1044.png;koesio_CDV_2023-3
/actualites/koesio-carte-de-voeux-2023/;4;contenu;https://www.bluevistaprod.com/wp-content/uploads/2023/10/221224-KOESIO-Carte_De_Voeux_2023-V3-1_2170.png;koesio_CDV_2023-6
/actualites/guitare-en-scene-2023/;0;entete;https://www.bluevistaprod.com/wp-content/uploads/2023/10/231011-GES-GES2023-5min-V4-1-sansSST_0084.png;
/actualites/guitare-en-scene-2023/;1;contenu;https://www.bluevistaprod.com/wp-content/uploads/2023/10/231011-GES-GES2023-5min-V4-1-sansSST_1418.png;GES_2023-1
/actualites/guitare-en-scene-2023/;2;contenu;https://www.bluevistaprod.com/wp-content/uploads/2023/10/231011-GES-GES2023-5min-V4-1-sansSST_3041.png;GES_2023-4
/actualites/guitare-en-scene-2023/;3;contenu;https://www.bluevistaprod.com/wp-content/uploads/2023/10/231011-GES-GES2023-5min-V4-1-sansSST_7056.png;GES_2023-3
/actualites/guitare-en-scene-2023/;4;contenu;https://www.bluevistaprod.com/wp-content/uploads/2023/10/231011-GES-GES2023-5min-V4-1-sansSST_1825.png;GES_2023-5
/actualites/realisation-immersion-360-degres-dameuse-pisten-bully/;0;entete;https://www.bluevistaprod.com/wp-content/uploads/2023/05/276250997.jpg;
/actualites/bluevista-le-motion-design/;0;entete;https://www.bluevistaprod.com/wp-content/uploads/2024/02/motion-renard.png;
/actualites/bluevista-le-motion-design/;1;contenu;https://www.bluevistaprod.com/wp-content/uploads/2024/03/bluevista-_-Le-Motion-design-chez-bluevista-1.png;bluevista _ Le Motion-design chez bluevista-1
/actualites/bluevista-le-motion-design/;2;contenu;https://www.bluevistaprod.com/wp-content/uploads/2024/03/bluevista-_-Le-Motion-design-chez-bluevista-2.png;bluevista _ Le Motion-design chez bluevista-2
/actualites/bluevista-le-motion-design/;3;contenu;https://www.bluevistaprod.com/wp-content/uploads/2024/03/bluevista-_-Le-Motion-design-chez-bluevista-3.png;bluevista _ Le Motion-design chez bluevista-3
/actualites/bluevista-le-motion-design/;4;contenu;https://www.bluevistaprod.com/wp-content/uploads/2024/03/bluevista-_-Le-Motion-design-chez-bluevista-4.png;bluevista _ Le Motion-design chez bluevista-4
/actualites/projet-de-realisation-video-360/;0;entete;https://www.bluevistaprod.com/wp-content/uploads/2014/04/dji-s1000.jpg;
/actualites/projet-de-realisation-video-360/;1;contenu;https://www.bluevistaprod.com/wp-content/uploads/2023/05/drone_360_video.jpg;drone_360_video
/actualites/projet-de-realisation-video-360/;2;contenu;https://www.bluevistaprod.com/wp-content/uploads/2023/05/tournage_drone_lyon.jpg;tournage_drone_lyon
/actualites/barpi-prevention-accidents/;0;entete;https://www.bluevistaprod.com/wp-content/uploads/2023/10/BARPI_9.jpg;
/actualites/barpi-prevention-accidents/;1;contenu;https://www.bluevistaprod.com/wp-content/uploads/2023/10/BARPI_5.jpg;BARPI_5
/actualites/barpi-prevention-accidents/;2;contenu;https://www.bluevistaprod.com/wp-content/uploads/2023/10/BARPI_3.jpg;BARPI_3
/actualites/showroom-virtuel-gf-machining-solutions/;0;entete;https://www.bluevistaprod.com/wp-content/uploads/2023/10/Showroom–GF_Machining_Solutions-1.png;Showroom–GF_Machining_Solutions-1
/actualites/showroom-virtuel-gf-machining-solutions/;1;contenu;https://www.bluevistaprod.com/wp-content/uploads/2023/10/Showroom–GF_Machining_Solutions-2.png;Showroom–GF_Machining_Solutions-2
/actualites/showroom-virtuel-gf-machining-solutions/;2;contenu;https://www.bluevistaprod.com/wp-content/uploads/2023/10/Showroom–GF_Machining_Solutions-3.png;Showroom–GF_Machining_Solutions-3
/actualites/showroom-virtuel-gf-machining-solutions/;3;contenu;https://www.bluevistaprod.com/wp-content/uploads/2023/10/Showroom–GF_Machining_Solutions-4.png;Showroom–GF_Machining_Solutions-4
/actualites/showroom-virtuel-gf-machining-solutions/;4;contenu;https://www.bluevistaprod.com/wp-content/uploads/2023/10/Showroom–GF_Machining_Solutions-5.png;Showroom–GF_Machining_Solutions-5
/actualites/animation-3d-produit-hitachi-csnet-manager/;0;entete;https://www.bluevistaprod.com/wp-content/uploads/2023/06/Hitachi-–-CS-Net-400x284-1.jpg;
/actualites/mase-4-motions/;0;entete;https://www.bluevistaprod.com/wp-content/uploads/2023/10/MASE-MAD-1.png;
/actualites/mase-4-motions/;1;contenu;https://www.bluevistaprod.com/wp-content/uploads/2023/10/MASE-Levage-1.png;MASE Levage motion design 1
/actualites/mase-4-motions/;2;contenu;https://www.bluevistaprod.com/wp-content/uploads/2023/10/MASE-MAD-4.png;MASE MAD motion design 4
/actualites/mase-4-motions/;3;contenu;https://www.bluevistaprod.com/wp-content/uploads/2023/10/MASE-MAD-2.png;MASE MAD motion design 2
/actualites/mase-4-motions/;4;contenu;https://www.bluevistaprod.com/wp-content/uploads/2023/10/MASE-Meuleuse-2.png;MASE Meuleuse motion design 2
/actualites/mapping-printemps-lyon/;0;contenu;https://www.bluevistaprod.com/wp-content/uploads/2023/05/Printemps_2.jpg;mapping printemps lyon
/actualites/mapping-printemps-lyon/;1;contenu;https://www.bluevistaprod.com/wp-content/uploads/2023/05/Printemps_1-1.jpg;mapping printemps lyon
/actualites/mapping-printemps-lyon/;2;entete;https://www.bluevistaprod.com/wp-content/uploads/2023/05/Printemps_4.jpg;mapping printemps lyon
/actualites/inauguration-intercontinental-lyon-grand-hotel-dieu/;0;entete;https://www.bluevistaprod.com/wp-content/uploads/2023/05/Inauguration_Intercontinental-4.jpg;
/actualites/inauguration-intercontinental-lyon-grand-hotel-dieu/;1;contenu;https://www.bluevistaprod.com/wp-content/uploads/2019/11/Inauguration_Intercontinental-10.jpg;Inauguration_Intercontinental-10
/actualites/inauguration-intercontinental-lyon-grand-hotel-dieu/;2;contenu;https://www.bluevistaprod.com/wp-content/uploads/2019/11/Inauguration_Intercontinental-9.jpg;Inauguration_Intercontinental-9
/actualites/inauguration-intercontinental-lyon-grand-hotel-dieu/;3;contenu;https://www.bluevistaprod.com/wp-content/uploads/2019/11/Inauguration_Intercontinental-6.jpg;Inauguration_Intercontinental-6
/actualites/inauguration-intercontinental-lyon-grand-hotel-dieu/;4;contenu;https://www.bluevistaprod.com/wp-content/uploads/2019/11/Inauguration_Intercontinental-1.jpg;Inauguration_Intercontinental-1
/actualites/vercors-les-chemins-de-la-liberte/;0;entete;https://www.bluevistaprod.com/wp-content/uploads/2023/10/230929-PNR-VERCORS-CheminsLiberte-CabaneCarteaux-V3-1_91844.png;
/actualites/vercors-les-chemins-de-la-liberte/;1;contenu;https://www.bluevistaprod.com/wp-content/uploads/2023/10/230929-PNR-VERCORS-CheminsLiberte-CabaneCarteaux-V3-1_91115.png;Vercors_Carteaux-7
/actualites/vercors-les-chemins-de-la-liberte/;2;contenu;https://www.bluevistaprod.com/wp-content/uploads/2023/10/230929-PNR-VERCORS-CheminsLiberte-CabaneCarteaux-V3-1_91958.png;Vercors_Carteaux-3
/actualites/vercors-les-chemins-de-la-liberte/;3;contenu;https://www.bluevistaprod.com/wp-content/uploads/2023/10/230929-PNR-VERCORS-CheminsLiberte-CabaneCarteaux-V3-1_93355.png;Vercors_Carteaux-2
/actualites/vercors-les-chemins-de-la-liberte/;4;contenu;https://www.bluevistaprod.com/wp-content/uploads/2023/10/230929-PNR-VERCORS-CheminsLiberte-CabaneCarteaux-V3-1_90710.png;Vercors_Carteaux-8
/actualites/bluevista-video-showreel-2021/;0;entete;https://www.bluevistaprod.com/wp-content/uploads/2023/05/showreel-2021scaled.jpg;
/actualites/santos-i-grind/;0;entete;https://www.bluevistaprod.com/wp-content/uploads/2023/10/231010-REVEALGrinderSANTOS-V3-2_1323.png;
/actualites/santos-i-grind/;1;contenu;https://www.bluevistaprod.com/wp-content/uploads/2023/10/231010-REVEALGrinderSANTOS-V3-2_0077.png;Blender_I_Grind-5
/actualites/santos-i-grind/;2;contenu;https://www.bluevistaprod.com/wp-content/uploads/2023/10/230831-Grinder-teaser-V2-1_0315.png;Blender_I_Grind-7
/actualites/santos-i-grind/;3;contenu;https://www.bluevistaprod.com/wp-content/uploads/2023/10/231010-REVEALGrinderSANTOS-V3-2_0772.png;Blender_I_Grind-3
/actualites/santos-i-grind/;4;contenu;https://www.bluevistaprod.com/wp-content/uploads/2023/10/231010-REVEALGrinderSANTOS-V3-2_0476.png;Blender_I_Grind-4
/actualites/blueverse/;0;entete;https://www.bluevistaprod.com/wp-content/uploads/2023/10/blueverse-7.png;
/actualites/blueverse/;1;contenu;https://www.bluevistaprod.com/wp-content/uploads/2023/10/blueverse-1.png;blueverse-1
/actualites/blueverse/;2;contenu;https://www.bluevistaprod.com/wp-content/uploads/2023/10/blueverse-11.png;blueverse-11
/actualites/blueverse/;3;contenu;https://www.bluevistaprod.com/wp-content/uploads/2023/10/blueverse-2.png;blueverse-2
/actualites/blueverse/;4;contenu;https://www.bluevistaprod.com/wp-content/uploads/2023/10/blueverse-4.png;blueverse-4
/actualites/stann/;0;entete;https://www.bluevistaprod.com/wp-content/uploads/2023/10/Stan-1.png;
/actualites/stann/;1;contenu;https://www.bluevistaprod.com/wp-content/uploads/2023/10/Stan-2.png;Stann-2
/actualites/stann/;2;contenu;https://www.bluevistaprod.com/wp-content/uploads/2023/10/Stan-3.png;Stann-3
/actualites/stann/;3;contenu;https://www.bluevistaprod.com/wp-content/uploads/2023/10/Stan-5.png;Stann-5
/actualites/stann/;4;contenu;https://www.bluevistaprod.com/wp-content/uploads/2023/10/Stan-4.png;Stann-4
/actualites/aravi-saison-2022-2023/;0;contenu;https://www.bluevistaprod.com/wp-content/uploads/2023/10/230601-06.png;ARAVI_Castellet-2
/actualites/aravi-saison-2022-2023/;1;contenu;https://www.bluevistaprod.com/wp-content/uploads/2023/10/230601-10.png;ARAVI_Castellet-4
/actualites/aravi-saison-2022-2023/;2;entete;https://www.bluevistaprod.com/wp-content/uploads/2023/10/230601-03.png;ARAVI_Castellet-5
/actualites/aravi-saison-2022-2023/;3;contenu;https://www.bluevistaprod.com/wp-content/uploads/2023/10/230601-09.png;ARAVI_Castellet-3
/actualites/sport-boules-16eme-trophee-emile-terrier/;0;entete;https://www.bluevistaprod.com/wp-content/uploads/2023/10/230629-ET-FilmComplet-001_0105.png;
/actualites/sport-boules-16eme-trophee-emile-terrier/;1;contenu;https://www.bluevistaprod.com/wp-content/uploads/2023/10/230629-ET-FilmComplet-001_23100.png;Emile_terrier-2
/actualites/sport-boules-16eme-trophee-emile-terrier/;2;contenu;https://www.bluevistaprod.com/wp-content/uploads/2023/10/230629-ET-FilmComplet-001_39090.png;Emile_terrier-1
/actualites/sport-boules-16eme-trophee-emile-terrier/;3;contenu;https://www.bluevistaprod.com/wp-content/uploads/2023/10/356832487_750067093790991_8479251489137127002_n.jpg;Emile_terrier_grue
/actualites/sport-boules-16eme-trophee-emile-terrier/;4;contenu;https://www.bluevistaprod.com/wp-content/uploads/2023/10/356679872_750067090457658_3543537591099608731_n.jpg;Emile_terrier_grue-1
/actualites/show-reel-motion-design/;0;entete;https://www.bluevistaprod.com/wp-content/uploads/2023/05/Capture_From_Showreel-3-Resize-1.jpg;
/actualites/bluevista-video-showreel-2020/;0;entete;https://www.bluevistaprod.com/wp-content/uploads/2023/05/showreel2020-2.jpg;
/actualites/peninsula-octobre-rose/;0;entete;https://www.bluevistaprod.com/wp-content/uploads/2023/10/IMG_1961-scaled-1.jpeg;
/actualites/peninsula-octobre-rose/;1;contenu;https://www.bluevistaprod.com/wp-content/uploads/2023/10/IMG_2015-scaled-1.jpeg;peninsula paris buzzer octobre rose
/actualites/peninsula-octobre-rose/;2;contenu;https://www.bluevistaprod.com/wp-content/uploads/2023/10/IMG_2019-scaled-1.jpeg;soirée octobre rose the peninsula paris
/actualites/nos-dernieres-interviews/;0;entete;https://www.bluevistaprod.com/wp-content/uploads/2023/05/realisation-film-reportage-itw.jpg;
/actualites/equita-lyon-dailynews/;0;entete;https://www.bluevistaprod.com/wp-content/uploads/2023/10/Equita-6.png;
/actualites/equita-lyon-dailynews/;1;contenu;https://www.bluevistaprod.com/wp-content/uploads/2023/10/Equita-1.png;Equita-1
/actualites/equita-lyon-dailynews/;2;contenu;https://www.bluevistaprod.com/wp-content/uploads/2023/10/Equita-4.png;Equita-4
/actualites/equita-lyon-dailynews/;3;contenu;https://www.bluevistaprod.com/wp-content/uploads/2023/10/Equita-5.png;Equita-5
/actualites/equita-lyon-dailynews/;4;contenu;https://www.bluevistaprod.com/wp-content/uploads/2023/10/Equita-2.png;Equita-2
/actualites/getlive-tv-3-0-la-wbe-tv-selon-bluevista/;0;entete;https://www.bluevistaprod.com/wp-content/uploads/2014/04/getlive1.jpg;
/actualites/bluevista-creative-video-un-monde-virtuel-1-la-moto/;0;entete;https://www.bluevistaprod.com/wp-content/uploads/2023/05/virtual-grome.jpg;
/actualites/bluevista-creative-video-un-monde-virtuel-1-la-moto/;1;contenu;https://www.bluevistaprod.com/wp-content/uploads/2023/05/virtual-jay-01.jpg;virtual-2
/actualites/bluevista-creative-video-un-monde-virtuel-1-la-moto/;2;contenu;https://www.bluevistaprod.com/wp-content/uploads/2023/05/virtual-jay-03.jpg;virtual-4
/actualites/bluevista-creative-video-un-monde-virtuel-1-la-moto/;3;contenu;https://www.bluevistaprod.com/wp-content/uploads/2023/05/virtual-jay-02.jpg;virtual-3
/actualites/bluevista-creative-video-un-monde-virtuel-1-la-moto/;4;contenu;https://www.bluevistaprod.com/wp-content/uploads/2023/05/virtual-jay-04.jpg;virtual-5
/actualites/decouvrez-notre-nouvelle-bande-demo-3d/;0;entete;https://www.bluevistaprod.com/wp-content/uploads/2023/05/Competence_3D-Resize-1.png;
/actualites/bluevista-creative-video-une-vraie-equipe-3-la-productivite/;0;entete;https://www.bluevistaprod.com/wp-content/uploads/2023/05/film3-bvcrea.jpg;
/actualites/bluevista-creative-video-une-vraie-equipe-3-la-productivite/;1;contenu;https://www.bluevistaprod.com/wp-content/uploads/2020/05/film3-bvcrea-img01.png;film3-bvcrea-1
/actualites/bluevista-creative-video-une-vraie-equipe-3-la-productivite/;2;contenu;https://www.bluevistaprod.com/wp-content/uploads/2020/05/film3-bvcrea-img03.png;film3-bvcrea-4
/actualites/bluevista-creative-video-une-vraie-equipe-3-la-productivite/;3;contenu;https://www.bluevistaprod.com/wp-content/uploads/2020/05/film3-bvcrea-img02.png;film3-bvcrea-2
/actualites/bluevista-creative-video-une-vraie-equipe-3-la-productivite/;4;contenu;https://www.bluevistaprod.com/wp-content/uploads/2020/05/film3-bvcrea-img04.png;film3-bvcrea-5
/actualites/realisation-de-film-dentreprise-ou-corporate/;0;entete;https://www.bluevistaprod.com/wp-content/uploads/2023/05/Qwartz-1.jpg;
/actualites/nouveau-materiel-motion-control-kessler/;0;entete;https://www.bluevistaprod.com/wp-content/uploads/2023/05/kessler.jpg;
/actualites/live-video-homeserve-20ans/;0;entete;https://www.bluevistaprod.com/wp-content/uploads/2023/05/homeserve-live.jpg;
/actualites/live-video-homeserve-20ans/;1;contenu;https://www.bluevistaprod.com/wp-content/uploads/2023/05/homeserve-live-1.jpg;homeserve-live-1
/actualites/live-video-homeserve-20ans/;2;contenu;https://www.bluevistaprod.com/wp-content/uploads/2023/05/Live-HS01.jpg;Live-HS01
/actualites/live-video-homeserve-20ans/;3;contenu;https://www.bluevistaprod.com/wp-content/uploads/2023/05/Live-HS03.jpg;Live-HS03
/actualites/live-video-homeserve-20ans/;4;contenu;https://www.bluevistaprod.com/wp-content/uploads/2023/05/Live-HS02.jpg;Live-HS02
/actualites/live-video-homeserve-20ans/;5;contenu;https://www.bluevistaprod.com/wp-content/uploads/2023/05/Live-HS04.jpg;Live-HS04
/actualites/streaming-live-et-webtv-demo-2018/;0;entete;https://www.bluevistaprod.com/wp-content/uploads/2023/05/Capture_From_Facebook-2-Resize.jpg;
/actualites/serie-de-6-videos-promotionnelles-pour-les-produits-abb-snk/;0;entete;https://www.bluevistaprod.com/wp-content/uploads/2023/05/ABB.jpg;
/actualites/serie-de-6-videos-promotionnelles-pour-les-produits-abb-snk/;1;contenu;https://www.bluevistaprod.com/wp-content/uploads/2023/05/ABB-1.jpg;ABB-1
/actualites/un-motion-design-a-lancienne-making-of/;0;entete;https://www.bluevistaprod.com/wp-content/uploads/2014/07/makingof-1.jpg;
/actualites/bluevista-creative-unicorn-team/;0;entete;https://www.bluevistaprod.com/wp-content/uploads/2023/05/team-unicorn.jpg;
/actualites/bluevista-creative-unicorn-team/;1;contenu;https://www.bluevistaprod.com/wp-content/uploads/2023/05/unicorn-img01.jpg;unicorn-1
/actualites/bluevista-creative-unicorn-team/;2;contenu;https://www.bluevistaprod.com/wp-content/uploads/2023/05/unicorn-img03.jpg;unicorn-3
/actualites/bluevista-creative-unicorn-team/;3;contenu;https://www.bluevistaprod.com/wp-content/uploads/2023/05/unicorn-img02.jpg;unicorn-2
/actualites/bluevista-creative-unicorn-team/;4;contenu;https://www.bluevistaprod.com/wp-content/uploads/2023/05/unicorn-img04.jpg;unicorn-4
/actualites/clip-corporate-bos-equipement/;0;entete;https://www.bluevistaprod.com/wp-content/uploads/2023/05/bos-equipment-thumbnail.jpg;
/actualites/la-realite-virtuelle-oculus-a-bluevista/;0;entete;https://www.bluevistaprod.com/wp-content/uploads/2014/03/bluevista-oculus1.jpg;bluevista-oculus1
/actualites/artcurial-20ans/;0;contenu;https://www.bluevistaprod.com/wp-content/uploads/2024/01/184E88F1-3EE3-4D43-B136-8E6C2EEAF96B-scaled-1.jpg;artcurial videomapping batiment vente aux encheres
/actualites/artcurial-20ans/;1;contenu;https://www.bluevistaprod.com/wp-content/uploads/2024/01/053EFFC3-B13C-4800-A1C7-7EF9FC68AA17-scaled-1.jpg;mire de calage sur batiment pour video mapping artcurial
/actualites/artcurial-20ans/;2;contenu;https://www.bluevistaprod.com/wp-content/uploads/2024/01/18D39042-C71E-4DB5-84CB-592A6A5D5023-scaled-1.jpg;groupe de musique soirée artcurial
/actualites/artcurial-20ans/;3;entete;https://www.bluevistaprod.com/wp-content/uploads/2024/01/EDAC0BE9-5BEF-45B0-A463-F13AF1D01DB5-Ps-scaled-e1705697951742.jpg;video mapping et mise en lumière batiment artcurial
/actualites/realisation-de-3-clips-produit-en-studio-pour-la-societe-riso/;0;entete;https://www.bluevistaprod.com/wp-content/uploads/2023/05/xserie-3.jpg.pagespeed.ic_.kT_iO-sSEV.jpg;
/actualites/film-de-presentation-produit/;0;entete;https://www.bluevistaprod.com/wp-content/uploads/2023/05/Santos-1.jpg;
/actualites/mecenat-club-lyon-la-duchere/;0;entete;https://www.bluevistaprod.com/wp-content/uploads/2023/10/LaDuchere-1.png;
/actualites/mecenat-club-lyon-la-duchere/;1;contenu;https://www.bluevistaprod.com/wp-content/uploads/2023/10/LaDuchere-2.jpeg;LaDuchere-2
/actualites/mecenat-club-lyon-la-duchere/;2;contenu;https://www.bluevistaprod.com/wp-content/uploads/2023/10/LaDuchere-5.jpeg;LaDuchere-5
/actualites/mecenat-club-lyon-la-duchere/;3;contenu;https://www.bluevistaprod.com/wp-content/uploads/2023/10/LaDuchere-3.jpeg;LaDuchere-3
/actualites/mecenat-club-lyon-la-duchere/;4;contenu;https://www.bluevistaprod.com/wp-content/uploads/2023/10/LaDuchere-4.jpeg;LaDuchere-4
/actualites/tournage-en-studio-film-produit-santos/;0;entete;https://www.bluevistaprod.com/wp-content/uploads/2023/05/studio_tournage_lyon.jpg;
/actualites/un-tournage-en-preparation-dans-le-parc-naturel-regional-du-vercors/;0;entete;https://www.bluevistaprod.com/wp-content/uploads/2023/05/vercors-maps-reperage.webp;
/actualites/un-tournage-en-preparation-dans-le-parc-naturel-regional-du-vercors/;1;contenu;https://www.bluevistaprod.com/wp-content/uploads/2015/05/vercors-site.jpg;vercors-site
/actualites/projection-semi-transparente-immersive-pour-linauguration-dun-batiment/;0;entete;https://www.bluevistaprod.com/wp-content/uploads/2023/05/xquechua.jpg.pagespeed.ic_.CsMOOdbZSG.webp;
/actualites/bluevista-creative-video-une-vraie-equipe-2-la-diversite/;0;entete;https://www.bluevistaprod.com/wp-content/uploads/2023/05/film2ok.00_00_09_23.Still001.png;
/actualites/bluevista-creative-video-une-vraie-equipe-2-la-diversite/;1;contenu;https://www.bluevistaprod.com/wp-content/uploads/2020/05/film2ok.00_00_08_04.Still002.png;bluevista_creative_film2-3
/actualites/bluevista-creative-video-une-vraie-equipe-2-la-diversite/;2;contenu;https://www.bluevistaprod.com/wp-content/uploads/2020/05/film2ok.00_00_25_14.Still005.png;bluevista_creative_film2-5
/actualites/bluevista-creative-video-une-vraie-equipe-2-la-diversite/;3;contenu;https://www.bluevistaprod.com/wp-content/uploads/2020/05/film2ok.00_00_10_13.Still003.png;bluevista_creative_film2-2
/actualites/bluevista-creative-video-une-vraie-equipe-2-la-diversite/;4;contenu;https://www.bluevistaprod.com/wp-content/uploads/2020/05/film2ok.00_00_29_19.Still006.png;bluevista_creative_film2-4
/actualites/bluevista-creative-video-une-vraie-equipe-1-la-flexibilite/;0;entete;https://www.bluevistaprod.com/wp-content/uploads/2023/05/film2ok.00_00_09_23.Still001.png;
/actualites/bluevista-creative-video-une-vraie-equipe-1-la-flexibilite/;1;contenu;https://www.bluevistaprod.com/wp-content/uploads/2020/05/film2ok.00_00_25_14.Still005.png;bluevista_creative_film2-5
/actualites/bluevista-creative-video-une-vraie-equipe-1-la-flexibilite/;2;contenu;https://www.bluevistaprod.com/wp-content/uploads/2020/05/film2ok.00_00_08_04.Still002.png;bluevista_creative_film2-3
/actualites/bluevista-creative-video-une-vraie-equipe-1-la-flexibilite/;3;contenu;https://www.bluevistaprod.com/wp-content/uploads/2020/05/film2ok.00_00_10_13.Still003.png;bluevista_creative_film2-2
/actualites/bluevista-creative-video-une-vraie-equipe-1-la-flexibilite/;4;contenu;https://www.bluevistaprod.com/wp-content/uploads/2020/05/film2ok.00_00_29_19.Still006.png;bluevista_creative_film2-4
/actualites/equita-lyon-2019-daily-news/;0;entete;https://www.bluevistaprod.com/wp-content/uploads/2023/05/equita2019.jpg;
/actualites/show-reel-videos-drone/;0;entete;https://www.bluevistaprod.com/wp-content/uploads/2023/05/Drone-inspire.jpg;
/actualites/bluevista-creative-la-pizza/;0;entete;https://www.bluevistaprod.com/wp-content/uploads/2020/05/frame_0.jpg;
/actualites/bluevista-creative-la-pizza/;1;contenu;https://www.bluevistaprod.com/wp-content/uploads/2023/05/frame_0.jpg;pizza-frame-2
/actualites/bluevista-creative-la-pizza/;2;contenu;https://www.bluevistaprod.com/wp-content/uploads/2023/05/frame_341-1.jpg;pizza-frame-6
/actualites/bluevista-creative-la-pizza/;3;contenu;https://www.bluevistaprod.com/wp-content/uploads/2023/05/frame_190.jpg;pizza-frame-4
/actualites/bluevista-creative-la-pizza/;4;contenu;https://www.bluevistaprod.com/wp-content/uploads/2023/05/frame_636.jpg;pizza-frame-7
/actualites/film-dentreprise-video-15-ans-dexperience/;0;entete;https://www.bluevistaprod.com/wp-content/uploads/2023/05/Banniere_Youtube_2019.jpg;
/actualites/film-dentreprise-video-15-ans-dexperience/;1;contenu;https://www.bluevistaprod.com/wp-content/uploads/2023/05/Capture_From_Facebook-1-Resize.jpg;studio fond vert
/actualites/film-dentreprise-video-15-ans-dexperience/;2;contenu;https://www.bluevistaprod.com/wp-content/uploads/2023/05/veama-1-1.jpg;motion veama-1-1
/actualites/film-dentreprise-video-15-ans-dexperience/;3;contenu;https://www.bluevistaprod.com/wp-content/uploads/2023/05/sgs_makingof-1.jpg;sgs_makingof-1
/actualites/film-dentreprise-video-15-ans-dexperience/;4;contenu;https://www.bluevistaprod.com/wp-content/uploads/2023/05/Competence_3D-Resize-1-1.png;animation 3d
/actualites/motion-design-pedagogique/;0;entete;https://www.bluevistaprod.com/wp-content/uploads/2023/05/Cisco-01.jpg;
/actualites/guitare-en-scene-2022/;0;entete;https://www.bluevistaprod.com/wp-content/uploads/2023/06/GES2022-1.jpg;
/actualites/social-wall-pour-espace-vip/;0;entete;https://www.bluevistaprod.com/wp-content/uploads/2023/05/equita-social-wall01.jpg;
/actualites/social-wall-pour-espace-vip/;1;contenu;https://www.bluevistaprod.com/wp-content/uploads/2023/05/equita-social-wall01-1.jpg;equita-social-wall01-1
/actualites/social-wall-pour-espace-vip/;2;contenu;https://www.bluevistaprod.com/wp-content/uploads/2023/05/equita-social-wall02.jpg;equita-social-wall02
/actualites/after-movie-fubiz-talks-2018/;0;entete;https://www.bluevistaprod.com/wp-content/uploads/2018/11/fubiztalks2018-scaled-1.jpg;
/actualites/timelapse-de-tournage-en-studio/;0;entete;https://www.bluevistaprod.com/wp-content/uploads/2023/05/2020-07-31-10_33_28-Window.png;
/actualites/video-et-site-web-funseaker-yacht/;0;entete;https://www.bluevistaprod.com/wp-content/uploads/2014/01/caraibes.jpg;
/actualites/premier-vol-drone/;0;entete;https://www.bluevistaprod.com/wp-content/uploads/2023/03/01.jpg;
