plateforme;identifiant;url_actuelle;titre_vimeo;duree;etat;deja_dans_sanity;nb_usages;ou_elle_est_utilisee;URL_LIVID;fait
vimeo;273315880;https://vimeo.com/273315880;ABB - AF Contactor;2:24;public;oui;1;fr:/realisations/abb-af-contactor-film-produit/;;
vimeo;213434478;https://vimeo.com/213434478;ALOREM;1:08;public;oui;1;fr:/realisations/alorem-video-produit/;;
vimeo;126715305;https://vimeo.com/126715305;American vintage concept store;5:21;public;oui;1;fr:/realisations/video-magasin-american-vintage/;;
vimeo;126845287;https://vimeo.com/126845287;Amplitude - Amplivision;1:57;public;oui;1;fr:/realisations/amplitude-amplivision-video-studio/;;
vimeo;899750242;https://vimeo.com/899750242;AMPLITUDE - Voeux2024;2:10;public;oui;1;fr:/realisations/amplitude-carte-de-v-ux-video-2024/;;
vimeo;273313965;https://vimeo.com/273313965;AMPLITUDE - Voeux 2018 version FR Corpo;2:08;public;oui;1;fr:/realisations/amplitude-carte-de-voeux-video-2018/;;
vimeo;851613960;https://vimeo.com/851613960;AMPLITUDE - Voeux 2023 - FR;1:37;public;oui;1;fr:/realisations/amplitude-v-ux-2023/;;
vimeo;780309433;https://vimeo.com/780309433;;;privée ou supprimée;oui;1;fr:/realisations/aravi-saison-2022/;;
vimeo;1049306337;https://vimeo.com/1049306337;ARAVI - LEMANS - J2;2:32;public;oui;1;fr:/realisations/aravi-saison-2024-reportages-video/;;
vimeo;273316372;https://vimeo.com/273316372;ARaymond - shARe;1:45;public;oui;1;fr:/realisations/araymond-share-motion-design-site-internet/;;
vimeo;276227175;https://vimeo.com/276227175;Assisqual;2:17;public;oui;1;fr:/realisations/assisqual-motion-design/;;
vimeo;276254832;https://vimeo.com/276254832;Nikon - Fabrication d'un verre optique VR;3:33;public;oui;1;fr:/realisations/bbgr-video-360-usine/;;
vimeo;1069159543;https://vimeo.com/1069159543;HUILES BERLIET - FOOH -  LYON;0:56;public;oui;1;fr:/realisations/huiles-berliet-fooh-lyon/;;
vimeo;526878416;https://vimeo.com/526878416;Neurones IT - Voeux;0:50;public;oui;1;fr:/realisations/neurones-it-video-3d-voeux-2021/;;
youtube;oy6ePGXkp0g;https://youtu.be/oy6ePGXkp0g;;;youtube;oui;1;fr:/realisations/bluevista-showreel-2022/;;
vimeo;938167214;https://vimeo.com/938167214;bluevista | Showreel 2024;2:45;public;oui;1;fr:/realisations/bluevista-showreel-2024/;;
vimeo;1072209644;https://vimeo.com/1072209644;Bluevista - Showreel 2025;1:47;public;oui;1;fr:/realisations/bluevista-showreel-2025/;;
vimeo;328647494;https://vimeo.com/328647494;bluevista | Showreel 2019;1:27;public;oui;1;fr:/realisations/bluevista-video-showreel-2019/;;
vimeo;139911078;https://vimeo.com/139911078;;;public;oui;1;fr:/realisations/cera-agence-innovation-motion-design/;;
vimeo;247780815;https://vimeo.com/247780815;CERA.fr;1:50;public;oui;1;fr:/realisations/site-internet-cera-motion-design/;;
vimeo;126715309;https://vimeo.com/126715309;Film explicatif 3D / compositing - CLEDA;4:47;public;oui;1;fr:/realisations/time-lapse-la-cleda/;;
vimeo;213820410;https://vimeo.com/213820410;CPRO #PasBesoinDEnRajouter;1:08;public;oui;1;fr:/realisations/c-pro-pas-besoin-d-en-rajouter-video-publicitaire/;;
vimeo;101279524;https://vimeo.com/101279524;DEKO;2:18;public;oui;1;fr:/realisations/deko-film-de-presentation/;;
vimeo;747563716;https://vimeo.com/747563716;DROMIS - EQUANS & INEO;4:14;public;oui;1;fr:/realisations/dromis-equans-ineo-reportage-video/;;
vimeo;878699691;https://vimeo.com/878699691;E-XPERT Solutions - Aftermovie ECD 2022;4:05;public;oui;1;fr:/realisations/e-xpert-solutions-aftermovie-ecd-2022/;;
vimeo;878699220;https://vimeo.com/878699220;E-XPERT SOLUTIONS - Aftermovie EDC 2023;4:55;public;oui;1;fr:/realisations/e-xpert-solutions-aftermovie-ecd-2023/;;
vimeo;742653329;https://vimeo.com/742653329;E-XPERT Solutions | AtDefense;1:57;public;oui;1;fr:/realisations/e-xpert-solutions-atdefense-video-pub-fiction-humour/;;
vimeo;742588245;https://vimeo.com/742588245;E-XPERT Solutions | ECD;1:25;public;oui;1;fr:/realisations/e-xpert-solutions-ecd-spot-publicitaire-video/;;
vimeo;742587122;https://vimeo.com/742587122;E-XPERT Solutions | Voeux 2022;2:55;public;oui;1;fr:/realisations/e-xpert-solutions-video-voeux-2022/;;
vimeo;742587662;https://vimeo.com/742587662;E-XPERT Solutions | Zerotrust (PostEvent);1:58;public;oui;1;fr:/realisations/e-xpert-solutions-zero-trust-video-publicitaire-fiction/;;
vimeo;1049330202;https://vimeo.com/1049330202;FUNSEAKER - Présentation;0:24;public;oui;1;fr:/realisations/funseaker-presentation/;;
vimeo;276246006;https://vimeo.com/276246006;GFMS - EMO 2017 Core;4:35;public;oui;1;fr:/realisations/film-corporate-gfms-core/;;
vimeo;276258942;https://vimeo.com/276258942;GFMS - We see big teaser;0:41;public;oui;1;fr:/realisations/gfms-video-publicitaire-3d-we-see-big/;;
vimeo;273332753;https://vimeo.com/273332753;GHI - publicité TV;0:26;public;oui;1;fr:/realisations/ghi-publicite-tv/;;
vimeo;904102148;https://vimeo.com/904102148;;;privée ou supprimée;oui;1;fr:/realisations/gl-events-equita-lyon-dailynews-2023/;;
vimeo;1049289865;https://vimeo.com/1049289865;GL EVENTS - EQUITA 2024 - Jour02;1:58;public;oui;1;fr:/realisations/gl-events-equita-lyon-dailynews-2024/;;
vimeo;130518010;https://vimeo.com/130518010;VideoMapping Bocuse d'Or 2013;2:28;public;oui;1;fr:/realisations/video-mapping-bocuse-d-or-2013/;;
vimeo;126716158;https://vimeo.com/126716158;Gloupii - Motion design;1:03;public;oui;1;fr:/realisations/gloupii-motion-design/;;
vimeo;878724045;https://vimeo.com/878724045;Guitare en Scène - GES 2022 - JOUR 04;1:25;public;oui;1;fr:/realisations/guitare-en-scene-edition-2022-reportage-video-event/;;
vimeo;1049301356;https://vimeo.com/1049301356;Guitare En Scène 2024 - Dailynews - Jour 01;1:33;public;oui;1;fr:/realisations/guitare-en-scene-edition-2024-video-evenement/;;
vimeo;904477628;https://vimeo.com/904477628;;;privée ou supprimée;oui;1;fr:/realisations/hdi-demenagement-nouvelle-tour/;;
vimeo;585235389;https://vimeo.com/585235389;HITACHI - Film Catalogue 2021;2:14;public;oui;1;fr:/realisations/hitachi-film-catalogue-2021/;;
vimeo;252335891;https://vimeo.com/252335891;HITACHI Hikumo;1:36;public;oui;1;fr:/realisations/hitachi-hikumo-video-tuto-3d/;;
vimeo;276194778;https://vimeo.com/276194778;HITACHI - Triple C;1:30;public;oui;1;fr:/realisations/hitachi-triple-c-film-promo/;;
vimeo;252334521;https://vimeo.com/252334521;HITACHI Yutaki;2:35;public;oui;1;fr:/realisations/hitachi-yutaki-video-produit-3d/;;
vimeo;250091176;https://vimeo.com/250091176;Convention HUAWEI;2:52;public;oui;1;fr:/realisations/convention-huawei-video-event/;;
vimeo;834445747;https://vimeo.com/834445747;;;privée ou supprimée;oui;1;fr:/realisations/icsi-briefing-debriefing-minute-d-arret/;;
vimeo;1049338334;https://vimeo.com/1049338334;IRISOLARIS - Présentation Groupe 2024;3:03;public;oui;1;fr:/realisations/irisolaris-presentation-groupe-2024/;;
vimeo;1049342770;https://vimeo.com/1049342770;ISARA - Interview Faustine LEROY;1:24;public;oui;1;fr:/realisations/isara-interviews-d-etudiants/;;
vimeo;661371699;https://vimeo.com/661371699;KOESIO Connexion maximale - voeux 2022;2:38;public;oui;1;fr:/realisations/koesio-carte-de-v-ux-video-2022/;;
vimeo;896967958;https://vimeo.com/896967958;KOESIO - Vœux 2024;1:50;public;oui;1;fr:/realisations/koesio-carte-de-v-ux-video-2024/;;
vimeo;1049304837;https://vimeo.com/1049304837;KOESIO - Carte de Voeux 2025;2:22;public;oui;1;fr:/realisations/koesio-carte-de-v-ux-video-2025/;;
vimeo;1049324195;https://vimeo.com/1049324195;KOESIO - Convention 2024;0:30;public;oui;1;fr:/realisations/koesio-convention-2024/;;
vimeo;302006966;https://vimeo.com/302006966;CPRO en 1 minute;1:10;public;oui;1;fr:/realisations/presentation-video-cpro-en-1-minute/;;
vimeo;273335244;https://vimeo.com/273335244;Radisson Blu - Présentation VR 360°;3:24;public;oui;1;fr:/realisations/radisson-blu-video-360-vr/;;
vimeo;904011749;https://vimeo.com/904011749;;;privée ou supprimée;oui;1;fr:/realisations/lyon-la-duchere-arbre-de-noel/;;
vimeo;684690463;https://vimeo.com/684690463;MLT - Super-Screw®;2:08;public;oui;1;fr:/realisations/mlt-super-screw-video-motion-design/;;
vimeo;223293354;https://vimeo.com/223293354;NIGHTSWAPPING - motiondesign;1:20;public;oui;1;fr:/realisations/nightswapping-video-promotionnelle/;;
vimeo;526888016;https://vimeo.com/526888016;OLINN - Motion Publicitaire;0:42;public;oui;1;fr:/realisations/olinn-video-publicitaire/;;
vimeo;165203811;https://vimeo.com/165203811;OPIIEC;2:07;public;oui;1;fr:/realisations/opiiec-motio-design-site-internet/;;
vimeo;547411572;https://vimeo.com/547411572;;;public;oui;1;fr:/realisations/santos-blender-66-presentation-video-studio/;;
vimeo;904111074;https://vimeo.com/904111074;SANTOS - I-GRIND Coffee Grinder - Teaser;0:34;public;oui;1;fr:/realisations/santos-i-grind-coffee-grinder-teaser/;;
vimeo;249079393;https://vimeo.com/249079393;SERL Parc du Puy d'Or 360;3:17;public;oui;1;fr:/realisations/serl-parc-puy-d-or-video-360-vr/;;
vimeo;851631334;https://vimeo.com/851631334;SERVIER - Cancer Colorectal - Nouvelle Charte - STFR;2:55;public;oui;1;fr:/realisations/servier-film-prevention-cancer-colorectal/;;
vimeo;1049312971;https://vimeo.com/1049312971;SFS - Enveloppe & Structure;3:43;public;oui;1;fr:/realisations/sfs-enveloppe-structure/;;
youtube;rLubGEXzxsw;https://youtu.be/rLubGEXzxsw;;;youtube;oui;1;fr:/realisations/sfs-film-corporate/;;
vimeo;834426702;https://vimeo.com/834426702;;;privée ou supprimée;oui;1;fr:/realisations/sfs-ligne-de-vie/;;
vimeo;1049312726;https://vimeo.com/1049312726;SFS - Menuiserie & Industrie;3:28;public;oui;1;fr:/realisations/sfs-menuiserie-industrie/;;
vimeo;246398183;https://vimeo.com/246398183;SGS - Protection Lab;1:53;public;oui;1;fr:/realisations/sgs-protection-lab-reportage-video/;;
vimeo;246398212;https://vimeo.com/246398212;;;public;oui;1;fr:/realisations/sgs-reportage-making-of/;;
vimeo;125736085;https://vimeo.com/125736085;Clip produit SPC Maxys;2:26;public;oui;1;fr:/realisations/spc-video-publicitaire-tournage-studio/;;
vimeo;1049316906;https://vimeo.com/1049316906;SSP - Présentation Globale;5:07;public;oui;1;fr:/realisations/ssp-presentation-globale/;;
vimeo;276252370;https://vimeo.com/276252370;30 ans Bocuse d’Or - Tamas Széll;2:02;public;oui;1;fr:/realisations/30-ans-bocuse-d-or-interview-video-tamas-szell/;;
vimeo;138906588;https://vimeo.com/138906588;QWARTZ - shopping center;3:09;public;oui;1;fr:/realisations/qwartz-video-de-presentation-centre-commercial/;;
vimeo;249080253;https://vimeo.com/249080253;FUBIZ TALKS 2017 clip report;2:35;public;oui;1;fr:/realisations/tetro-aftermovie-fubiztalks-2017/;;
vimeo;273336871;https://vimeo.com/273336871;AVENUE 83 - Inauguration;1:50;public;oui;1;fr:/realisations/tetro-avenue-83-after-movie-event/;;
vimeo;249080146;https://vimeo.com/249080146;Carre Senart clip inauguration;4:49;public;oui;1;fr:/realisations/tetro-carre-senart-show-drone/;;
vimeo;276230385;https://vimeo.com/276230385;Deep Web;2:03;public;oui;1;fr:/realisations/tetro-deepweb-clip-video-evenement/;;
vimeo;276251493;https://vimeo.com/276251493;Grand Hotel Dieu - Inauguration;2:10;public;oui;1;fr:/realisations/tetro-grand-hotel-dieu-video-event/;;
vimeo;164825656;https://vimeo.com/164825656;OX Project - Teaser Lancement Nuits Sonores;0:39;public;oui;1;fr:/realisations/tetro-ox-reportage-oeuvre-artistique/;;
vimeo;298172498;https://vimeo.com/298172498;STALACTITE LIGHT SHOW;5:31;public;oui;1;fr:/realisations/tetro-stalactite-light-show-video/;;
vimeo;747185427;https://vimeo.com/747185427;TETRO - FDL Saint-Jean 2021;2:16;public;oui;1;fr:/realisations/tetro-video-fete-des-lumieres-lyon-2021/;;
vimeo;834423367;https://vimeo.com/834423367;TETRO - FDL 2022 - Agorythm;0:59;public;oui;1;fr:/realisations/tetro-video-fete-des-lumieres-lyon-2022/;;
vimeo;544477699;https://vimeo.com/544477699;THX Médical – Dosamat digital 2.0;2:05;public;oui;1;fr:/realisations/thx-medical-dosamat-digital-2-0-motion-design/;;
vimeo;276246793;https://vimeo.com/276246793;CISCO - Video platform;2:09;public;oui;1;fr:/realisations/cisco-video-platform-animation-3d-motion-design/;;
vimeo;216160629;https://vimeo.com/216160629;SODEXO motion design;2:51;public;oui;1;fr:/realisations/motion-design-sodexo/;;
vimeo;1049302219;https://vimeo.com/1049302219;UNIHA - Voeux 2025;0:55;public;oui;1;fr:/realisations/uniha-carte-de-v-ux-video-2025/;;
vimeo;308058715;https://vimeo.com/308058715;VEAMA - Carte de voeux 2019;1:34;public;oui;1;fr:/realisations/veama-carte-de-voeux-2019/;;
vimeo;402221647;https://vimeo.com/402221647;Verizon Connect – Vidéo de présentation;2:04;public;oui;1;fr:/realisations/verizon-connect-video-de-presentation/;;
vimeo;1049320778;https://vimeo.com/1049320778;WMH - IRISOLARIS - Aftermovie - IrisDays 2024;4:03;public;oui;1;fr:/realisations/irisolaris-aftermovie-irisdays-2024/;;
vimeo;917510239;https://vimeo.com/917510239;bluevista | Le Motion-design chez bluevista;0:49;public;oui;2;fr:/actualites/bluevista-le-motion-design/ | fr:/realisations/le-motion-design-chez-bluevista/;;
youtube;tLn3mxyoyYE;https://youtu.be/tLn3mxyoyYE;;;youtube;oui;2;fr:/realisations/elistair-drone-orion-video-produit-en-animation-3d/ | fr:/realisations/elistair-orion-video-produit-animation-3d/;;
vimeo;273315091;https://vimeo.com/273315091;ABB - SNK Marine version UK;1:45;public;oui;2;fr:/realisations/abb-bloc-jonction-snk-animation-3d-fiction-marine/ | fr:/realisations/abb-snk-animation-3d-fiction-marine/;;
vimeo;904103616;https://vimeo.com/904103616;PNR VERCORS - Les chemins de la Liberté - La cabane des Carteaux;3:25;public;oui;3;ch:/video-promotionnelle/ | fr:/realisations/pnr-vercors-les-chemins-de-la-liberte-la-cabane-des-carteaux/ | fr:/video-promotionnelle/;;
vimeo;742588143;https://vimeo.com/742588143;E-XPERT Solutions | DEVSECOPS;1:51;public;oui;3;ch:/video-publicitaire/ | fr:/realisations/e-xpert-solutions-devsecops-pub-decalee/ | fr:/video-publicitaire/;;
vimeo;298176741;https://vimeo.com/298176741;Clip report MASSY PLACE DU GRAND OUEST;1:15;public;oui;3;en:/corporate-film-paris-15-years-of-experience/ | fr:/film-d-entreprise-paris-15-ans-d-experience/ | fr:/realisations/clip-report-event-massy-grand-ouest/;;
vimeo;276255140;https://vimeo.com/276255140;NAOS - Talks of Naosians - Soumare;1:42;public;oui;3;en:/corporate-film-paris-15-years-of-experience/ | fr:/film-d-entreprise-paris-15-ans-d-experience/ | fr:/realisations/naos-interview-collaborateur/;;
vimeo;745758314;https://vimeo.com/745758314;STANN Film Presentation;3:12;public;oui;3;en:/actualites/stann/ | fr:/actualites/stann/ | fr:/realisations/stann-presentation-video-de-l-application/;;
vimeo;877031650;https://vimeo.com/877031650;MASE - MAD;3:36;public;oui;3;en:/actualites/mase-rhone-alpes-motions/ | fr:/actualites/mase-4-motions/ | fr:/realisations/mase-rhone-alpes-motion-design/;;
vimeo;780750761;https://vimeo.com/780750761;ARTCURIAL - Mapping 20 ans;3:45;public;oui;3;en:/actualites/artcurial-mapping-20-years/ | fr:/actualites/artcurial-20ans/ | fr:/realisations/artcurial-video-mapping/;;
vimeo;375622318;https://vimeo.com/375622318;GL_EVENTS - EQUITA - Daylynews - Jour2;1:51;public;oui;3;en:/actualites/equita-lyon-dailynews/ | fr:/actualites/equita-lyon-dailynews/ | fr:/realisations/equita-lyon-dailynews-video-2022/;;
vimeo;851622826;https://vimeo.com/851622826;ARAVI - Castellet - Highlight - J2 - 2023;2:19;public;oui;3;en:/actualites/aravi-season-2022-2023/ | fr:/actualites/aravi-saison-2022-2023/ | fr:/realisations/aravi-saison-2022-2023-reportages-video/;;
vimeo;875544870;https://vimeo.com/875544870;Guitare En Scène - GES 2023 - Aftermovie 5min;5:07;public;oui;3;en:/actualites/guitare-en-scene-2023/ | fr:/actualites/guitare-en-scene-2023/ | fr:/realisations/guitare-en-scene-edition-2023-video-evenement/;;
vimeo;875510106;https://vimeo.com/875510106;SANTOS - I-GRIND Coffee Grinder - Reveal;1:02;public;oui;3;en:/actualites/santos-i-grind-the-coffee-mill/ | fr:/actualites/santos-i-grind/ | fr:/realisations/santos-i-grind-coffee-grinder-reveal/;;
vimeo;425805139;https://vimeo.com/425805139;"bluevista creative | ""Unicorn Team""";1:24;public;oui;3;en:/actualites/bluevista-creative-unicorn-team/ | fr:/actualites/bluevista-creative-unicorn-team/ | fr:/realisations/bluevista-creative-unicorn-team/;;
vimeo;417642356;https://vimeo.com/417642356;"bluevista creative | ""Une vraie équipe #3 - la productivité""";0:44;public;oui;3;en:/actualites/bluevista-creative-video-a-real-team-3-productivity/ | fr:/actualites/bluevista-creative-video-une-vraie-equipe-3-la-productivite/ | fr:/realisations/bluevista-creative-une-vraie-equipe-3-la-productivite/;;
vimeo;417642483;https://vimeo.com/417642483;"bluevista creative | ""Une vraie équipe #2 - la diversité""";0:45;public;oui;3;en:/actualites/bluevista-creative-video-a-real-team-2-diversity/ | fr:/actualites/bluevista-creative-video-une-vraie-equipe-2-la-diversite/ | fr:/realisations/bluevista-creative-une-vraie-equipe-2-la-diversite/;;
vimeo;413621353;https://vimeo.com/413621353;"bluevista creative | ""La Pizza""";0:41;public;oui;3;en:/actualites/bluevista-creative-la-pizza/ | fr:/actualites/bluevista-creative-la-pizza/ | fr:/realisations/bluevista-creative-video-la-pizza/;;
vimeo;128566240;https://vimeo.com/128566240;Les aventures de Toky - Bocuse d'Or;1:03;public;oui;3;fr:/realisations/toky-video-mapping-3d/ | fr:/realisations/videomapping-les-aventures-de-toky-animation-3d/ | fr:/realisations/wallmapping-les-mesaventures-de-toky-animation-3d/;;
vimeo;249080210;https://vimeo.com/249080210;NAVYA - Show Lancement;2:38;public;oui;4;ch:/realisation-film-automotive/ | en:/film-production-automotive/ | fr:/realisation-film-automotive/ | fr:/realisations/tetro-film-presentation-vehicule-navya/;;
vimeo;129528886;https://vimeo.com/129528886;EIFFAGE ENERGIE - EXPERCITÉ;1:21;public;oui;4;ch:/realisation-film-construction-immobiliere/ | en:/film-production-real-estate-construction/ | fr:/realisation-film-construction-immobiliere/ | fr:/realisations/eiffage-energie-expercite-video-3d-timelapse/;;
vimeo;246398386;https://vimeo.com/246398386;ARROW - AboxMemo;1:10;public;oui;4;ch:/realisation-film-sante/ | en:/film-production-health/ | fr:/realisation-film-sante/ | fr:/realisations/arrow-abox-memo-animation-3d/;;
vimeo;273315064;https://vimeo.com/273315064;ABB - SNK Solaire version UK;1:51;public;oui;4;ch:/studio-danimation-3d-a-geneve/ | en:/3d-animation-studio-in-lyon/ | fr:/realisations/abb-snk-animation-3d-produit-solaire/ | fr:/studio-animation-3d-lyon/;;
vimeo;526878364;https://vimeo.com/526878364;EHS - Thermostat Illigo;3:04;public;oui;4;ch:/nos-competences/motion-design/ | en:/our-skills/motion-design/ | fr:/nos-competences/motion-design/ | fr:/realisations/engie-home-services-video-tuto-thermostat-migo/;;
vimeo;875627824;https://vimeo.com/875627824;KOESIO - Carte de voeux 2023;2:39;public;oui;4;ch:/actualites/koesio-carte-de-voeux-2023/ | en:/actualites/koesio-greeting-card-2023/ | fr:/actualites/koesio-carte-de-voeux-2023/ | fr:/realisations/koesio-carte-de-v-ux-video-2023/;;
vimeo;307702034;https://vimeo.com/307702034;Waygoo - motion design;1:49;public;oui;4;ch:/actualites/motion-design-pedagogique/ | en:/actualites/educational-motion-design/ | fr:/actualites/motion-design-pedagogique/ | fr:/realisations/waygoo-motion-design/;;
vimeo;276247419;https://vimeo.com/276247419;CISCO - 5G;1:52;public;oui;4;ch:/actualites/motion-design-pedagogique/ | en:/actualites/educational-motion-design/ | fr:/actualites/motion-design-pedagogique/ | fr:/realisations/cisco-5g-motion-design-3d/;;
vimeo;276255160;https://vimeo.com/276255160;;;public;oui;4;ch:/actualites/nos-dernieres-interviews/ | en:/actualites/our-latest-interviews/ | fr:/actualites/nos-dernieres-interviews/ | fr:/realisations/naos-interview-video-collaborateur/;;
vimeo;301829836;https://vimeo.com/301829836;SANTOS : Moulin à café;1:45;public;oui;4;ch:/actualites/film-de-presentation-produit/ | en:/actualites/product-presentation-film/ | fr:/actualites/film-de-presentation-produit/ | fr:/realisations/santos-film-produit/;;
vimeo;126716617;https://vimeo.com/126716617;RISO ComColor - video demo;1:40;public;oui;4;ch:/actualites/realisation-de-3-clips-produit-en-studio-pour-la-societe-riso/ | en:/actualites/production-of-3-in-studio-clips-for-riso/ | fr:/actualites/realisation-de-3-clips-produit-en-studio-pour-la-societe-riso/ | fr:/realisations/riso-comcolor-video-produit/;;
vimeo;276250997;https://vimeo.com/276250997;Pisten Bully - VR Mountain Planet;2:01;public;oui;4;ch:/actualites/video-immersive-360/ | en:/actualites/360-immersive-video/ | fr:/actualites/video-immersive-360/ | fr:/realisations/pisten-bully-dameuse-video-360-vr/;;
vimeo;345493886;https://vimeo.com/345493886;LPA - 50ans;5:44;public;oui;5;en:/actualites/50-years-of-lpa-a-lyonnaise-story/ | en:/corporate-film-in-lyon/ | fr:/actualites/50ans-de-lpa-une-histoire-lyonnaise/ | fr:/realisation-film-entreprise-lyon/ | fr:/realisations/lpa-50ans-video-anniversaire/;;
vimeo;551841042;https://vimeo.com/551841042;;;public;oui;5;ch:/actualites/bluevista-video-showreel-2021/ | en:/actualites/bluevista-video-showreel-2021/ | en:/actualites/bluevista-video-showreel-2023/ | fr:/actualites/bluevista-video-showreel-2021/ | fr:/realisations/bluevista-showreel-video-2021/;;
vimeo;273324669;https://vimeo.com/273324669;CPRO Voeux 2017;1:35;public;oui;5;ch:/actualites/carte-de-voeux-video/ | en:/actualites/video-greeting-card/ | fr:/actualites/carte-de-voeux-video/ | fr:/realisations/c-pro-carte-de-voeux-video-2017/ | fr:/realisations/c-pro-voeux-en-video-2017/;;
vimeo;126715306;https://vimeo.com/126715306;C'PRO Groupe - film corporate;1:22;public;oui;6;ch:/actualites/film-dentreprise-video-15-ans-dexperience/ | en:/actualites/corporate-film-video-15-years-of-experience/ | en:/corporate-films-in-lyon-since-2004/ | fr:/actualites/film-dentreprise-video-15-ans-dexperience/ | fr:/film-corporate-lyon-depuis-2004/ | fr:/realisations/c-pro-film-corporate-fiction/;;
vimeo;431503714;https://vimeo.com/431503714;"bluevista creative | ""Un monde virtuel #1 : la moto""";0:57;public;oui;6;ch:/nos-competences/animation-3d/ | en:/actualites/bluevista-creative-video-a-virtual-world-1-motorcycles/ | en:/our-skills/3d-animation/ | fr:/actualites/bluevista-creative-video-un-monde-virtuel-1-la-moto/ | fr:/nos-competences/animation-3d/ | fr:/realisations/bluevista-creative-un-monde-virtuel-1-la-moto/;;
vimeo;742265993;https://vimeo.com/742265993;PRINTEMPS - Mapping Festival;2:09;public;oui;6;ch:/nos-competences/video-mapping/ | en:/actualites/printemps-lyon-brand-change/ | en:/our-skills/video-mapping/ | fr:/actualites/mapping-printemps-lyon/ | fr:/nos-competences/video-mapping/ | fr:/realisations/printemps-video-mapping/;;
vimeo;417642640;https://vimeo.com/417642640;"bluevista creative | ""Une vraie équipe #1 - la flexibilité""";0:41;public;oui;6;ch:/ | en:/ | en:/actualites/bluevista-creative-video-a-real-team-1-flexibility-video/ | fr:/ | fr:/actualites/bluevista-creative-video-une-vraie-equipe-1-la-flexibilite/ | fr:/realisations/bluevista-creative-une-vraie-equipe-1-la-flexibilite/;;
vimeo;246337954;https://vimeo.com/246337954;Mapping Audi;3:30;public;oui;7;ch:/realisation-de-film-evenements/ | ch:/realisation-film-automotive/ | en:/film-production-automotive/ | en:/geneva-event-video-production/ | fr:/realisation-de-film-evenements/ | fr:/realisation-film-automotive/ | fr:/realisations/video-mapping-vehicule-audi-a8/;;
vimeo;276234551;https://vimeo.com/276234551;HITACHI - CSNet manager;2:35;public;oui;7;ch:/actualites/animation-3d-produit-hitachi-csnet-manager/ | ch:/realisation-film-lancement-produit/ | en:/actualites/3d-animation-hitachi-csnet-manager-product/ | en:/film-production-product-launch/ | fr:/actualites/animation-3d-produit-hitachi-csnet-manager/ | fr:/realisation-film-lancement-produit/ | fr:/realisations/hitachi-cs-net-video-3d/;;
vimeo;731655836;https://vimeo.com/731655836;;;privée ou supprimée;oui;7;ch:/nos-competences/aftermovie-captation-evenementielle/ | ch:/nos-competences/video-mapping/ | en:/our-skills/aftermovie-event-capture/ | en:/our-skills/video-mapping/ | fr:/nos-competences/aftermovie-captation-evenementielle/ | fr:/nos-competences/video-mapping/ | fr:/realisations/printemps-nouvelle-identite-reportage-video-evenement/;;
vimeo;276232570;https://vimeo.com/276232570;CEMOI - grands crus cacao VR;1:38;public;oui;7;ch:/actualites/video-immersive-360/ | ch:/nos-competences/creation-immersive-realite-virtuelle/ | en:/actualites/360-immersive-video/ | en:/our-skills/immersive-creation-virtual-reality/ | fr:/actualites/video-immersive-360/ | fr:/nos-competences/creation-immersive-realite-virtuelle/ | fr:/realisations/cemoi-video-3d-360-vr/;;
vimeo;391522027;https://vimeo.com/391522027;bluevista | Showreel 2020;1:20;public;oui;7;ch:/actualites/bluevista-video-showreel-2020/ | ch:/actualites/film-dentreprise-video-15-ans-dexperience/ | en:/actualites/bluevista-video-showreel-2020/ | en:/actualites/corporate-film-video-15-years-of-experience/ | fr:/actualites/bluevista-video-showreel-2020/ | fr:/actualites/film-dentreprise-video-15-ans-dexperience/ | fr:/realisations/bluevista-showreel-video-2020/;;
vimeo;273315122;https://vimeo.com/273315122;ABB - SNK Industrie version UK;1:39;public;oui;12;ch:/realisation-film-evenementiel/ | ch:/realisation-film-immobilier-real-estate/ | ch:/realisation-film-industrie/ | en:/3d-animation-studio-in-paris/ | en:/film-production-events/ | en:/film-production-industry/ | en:/film-production-real-estate/ | fr:/realisation-film-evenementiel/;;
vimeo;249080529;https://vimeo.com/249080529;VideoMapping 40 ans SIPAREX;5:04;public;oui;13;ch:/actualites/motion-design-3d-et-mapping-a-paris-au-musee-rodin/ | ch:/nos-competences/video-mapping/ | ch:/realisation-de-film-evenements/ | ch:/realisation-film-construction-immobiliere/ | en:/actualites/3d-motion-design-and-mapping-in-paris-at-the-rodin-museum/ | en:/film-production-real-estate-construction/ | en:/geneva-event-video-production/ | en:/our-skills/video-mapping/;;
vimeo;276260170;https://vimeo.com/276260170;;;public;oui;13;ch:/nos-competences/studio-fond-vert-compositing/ | ch:/realisation-film-evenementiel/ | ch:/realisation-film-immobilier-real-estate/ | ch:/realisation-film-industrie/ | en:/film-production-events/ | en:/film-production-industry/ | en:/film-production-real-estate/ | en:/our-skills/green-screen-studio-compositing/;;
vimeo;125736086;https://vimeo.com/125736086;Clip Corporate BOS Equipement 2015;1:45;public;oui;13;ch:/actualites/clip-corporate-bos-equipement/ | ch:/actualites/film-dentreprise-video-15-ans-dexperience/ | en:/actualites/clip-corporate-bos-equipement/ | en:/actualites/corporate-film-video-15-years-of-experience/ | en:/advertising-video/ | en:/corporate-film-lyon-15-years-of-experience/ | en:/corporate-films-in-lyon-since-2004/ | en:/promotional-video/;;
vimeo;276258421;https://vimeo.com/276258421;;;public;oui;22;ch:/nos-competences/animation-3d/ | ch:/nos-competences/studio-fond-vert-compositing/ | ch:/realisation-film-automotive/ | ch:/realisation-film-evenementiel/ | ch:/realisation-film-immobilier-real-estate/ | ch:/realisation-film-industrie/ | ch:/studio-danimation-3d-a-geneve/ | en:/3d-animation-studio-in-lyon/;;
vimeo;808253368;https://vimeo.com/808253368;bluevista | Showreel 2023;1:58;public;oui;23;ch:/actualites/bluevista-video-showreel-2023/ | ch:/realisation-film-lancement-produit/ | ch:/realisation-video-geneve/ | ch:/video-promotionnelle/ | ch:/video-publicitaire/ | en:/advertising-video/ | en:/corporate-film-in-lyon/ | en:/corporate-film-lyon-15-years-of-experience/;;
vimeo;851628155;https://vimeo.com/851628155;;;privée ou supprimée;non;1;ch:/nos-competences/video-aerienne-drone/;;
vimeo;908648472;https://vimeo.com/908648472;Verizon Connect - PubTV 2023;1:22;public;non;2;ch:/video-publicitaire/ | fr:/video-publicitaire/;;
vimeo;368287987;https://vimeo.com/368287987;;;public;non;2;en:/corporate-film-in-lyon/ | fr:/realisation-film-entreprise-lyon/;;
vimeo;405034733;https://vimeo.com/405034733;ICSI - BARPI - Film Accident - Sans Pastille;16:43;public;non;2;en:/actualites/barpi-industrial-accident-prevention/ | fr:/actualites/barpi-prevention-accidents/;;
vimeo;547858356;https://vimeo.com/547858356;ICSI - BARPI - Fuite de CVM Gazeux;14:50;public;non;2;en:/actualites/barpi-industrial-accident-prevention/ | fr:/actualites/barpi-prevention-accidents/;;
vimeo;877031725;https://vimeo.com/877031725;MASE - Meuleuse;2:48;public;non;2;en:/actualites/mase-rhone-alpes-motions/ | fr:/actualites/mase-4-motions/;;
vimeo;875599603;https://vimeo.com/875599603;Trophée Émile Terrier - ET 2023 - Film Complet;29:53;public;non;2;en:/actualites/sport-boules-16th-emile-terrier-trophy/ | fr:/actualites/sport-boules-16eme-trophee-emile-terrier/;;
vimeo;742948824;https://vimeo.com/742948824;Guitare En Scène - 2022 - AFTERMOVIE;18:33;public;non;2;en:/actualites/guitare-en-scene-2022/ | fr:/actualites/guitare-en-scene-2022/;;
vimeo;381529486;https://vimeo.com/381529486;VideoMapping - Intercontinental Grand Hôtel Dieu;2:55;public;non;2;en:/actualites/video-mapping-lyon-intercontinental-grand-hotel-dieu/ | fr:/actualites/video-mapping-lyon-intercontinental-grand-hotel-dieu/;;
vimeo;375622738;https://vimeo.com/375622738;GL_EVENTS - EQUITA - Dailynews - Jour5;1:42;public;non;2;en:/actualites/equita-lyon-2019-daily-news/ | fr:/actualites/equita-lyon-2019-daily-news/;;
vimeo;367216145;https://vimeo.com/367216145;bluevista | Automotive | FR;0:50;public;non;3;ch:/realisation-film-automotive/ | en:/film-production-automotive/ | fr:/realisation-film-automotive/;;
vimeo;249080166;https://vimeo.com/249080166;VIPARIS show inauguration;1:16;public;non;3;ch:/realisation-film-automotive/ | en:/film-production-automotive/ | fr:/realisation-film-automotive/;;
vimeo;569409707;https://vimeo.com/569409707;bluevista | Finances;0:48;public;non;3;ch:/realisation-de-film-banques-assurances/ | en:/film-production-banking-and-insurance/ | fr:/realisation-de-film-banques-assurances/;;
vimeo;345421451;https://vimeo.com/345421451;;;public;non;3;ch:/realisation-de-film-banques-assurances/ | en:/film-production-banking-and-insurance/ | fr:/realisation-de-film-banques-assurances/;;
vimeo;307705906;https://vimeo.com/307705906;;;public;non;3;ch:/realisation-de-film-banques-assurances/ | en:/film-production-banking-and-insurance/ | fr:/realisation-de-film-banques-assurances/;;
vimeo;276249755;https://vimeo.com/276249755;;;public;non;3;ch:/realisation-de-film-banques-assurances/ | en:/film-production-banking-and-insurance/ | fr:/realisation-de-film-banques-assurances/;;
vimeo;367216251;https://vimeo.com/367216251;bluevista | Construction | FR;0:44;public;non;3;ch:/realisation-film-construction-immobiliere/ | en:/film-production-real-estate-construction/ | fr:/realisation-film-construction-immobiliere/;;
vimeo;241147078;https://vimeo.com/241147078;;;public;non;3;ch:/realisation-film-construction-immobiliere/ | en:/film-production-real-estate-construction/ | fr:/realisation-film-construction-immobiliere/;;
vimeo;367216194;https://vimeo.com/367216194;bluevista | Events | FR;1:01;public;non;3;ch:/realisation-film-evenementiel/ | en:/film-production-events/ | fr:/realisation-film-evenementiel/;;
vimeo;367216047;https://vimeo.com/367216047;bluevista | RealEstate | FR;0:53;public;non;3;ch:/realisation-film-immobilier-real-estate/ | en:/film-production-real-estate/ | fr:/realisation-film-immobilier-real-estate/;;
vimeo;366198176;https://vimeo.com/366198176;bluevista | Industry | FR;0:59;public;non;3;ch:/realisation-film-industrie/ | en:/film-production-industry/ | fr:/realisation-film-industrie/;;
vimeo;273332335;https://vimeo.com/273332335;ELISTAIR - drone Orion;2:13;public;non;3;ch:/realisation-film-lancement-produit/ | en:/film-production-product-launch/ | fr:/realisation-film-lancement-produit/;;
vimeo;345496872;https://vimeo.com/345496872;;;public;non;3;ch:/realisation-film-lancement-produit/ | en:/film-production-product-launch/ | fr:/realisation-film-lancement-produit/;;
vimeo;345487095;https://vimeo.com/345487095;;;public;non;3;ch:/realisation-film-lancement-produit/ | en:/film-production-product-launch/ | fr:/realisation-film-lancement-produit/;;
vimeo;367216096;https://vimeo.com/367216096;bluevista | HealthCare | FR;0:59;public;non;3;ch:/realisation-film-sante/ | en:/film-production-health/ | fr:/realisation-film-sante/;;
vimeo;273313952;https://vimeo.com/273313952;;;privée ou supprimée;non;3;ch:/realisation-film-sante/ | en:/film-production-health/ | fr:/realisation-film-sante/;;
vimeo;344597466;https://vimeo.com/344597466;;;public;non;3;ch:/realisation-film-sante/ | en:/film-production-health/ | fr:/realisation-film-sante/;;
vimeo;364297253;https://vimeo.com/364297253;;;public;non;3;ch:/realisation-film-territoires/ | en:/film-production-territories/ | fr:/realisation-film-territoires/;;
vimeo;249078992;https://vimeo.com/249078992;;;public;non;3;ch:/realisation-film-territoires/ | en:/film-production-territories/ | fr:/realisation-film-territoires/;;
vimeo;126715310;https://vimeo.com/126715310;Film de présentation CLEDA;2:35;public;non;3;ch:/realisation-film-territoires/ | en:/film-production-territories/ | fr:/realisation-film-territoires/;;
vimeo;344976760;https://vimeo.com/344976760;;;public;non;3;ch:/realisation-film-territoires/ | en:/film-production-territories/ | fr:/realisation-film-territoires/;;
vimeo;349647917;https://vimeo.com/349647917;;;public;non;3;ch:/realisation-de-film-evenements/ | en:/geneva-event-video-production/ | fr:/realisation-de-film-evenements/;;
vimeo;276251571;https://vimeo.com/276251571;;;public;non;3;ch:/realisation-de-film-evenements/ | en:/geneva-event-video-production/ | fr:/realisation-de-film-evenements/;;
vimeo;272164139;https://vimeo.com/272164139;bluevista | Showreel 2018;1:32;public;non;3;ch:/nos-competences/studio-fond-vert-compositing/ | en:/our-skills/green-screen-studio-compositing/ | fr:/nos-competences/studio-fond-vert-compositing/;;
vimeo;368799931;https://vimeo.com/368799931;;;public;non;3;ch:/nos-competences/video-mapping/ | en:/our-skills/video-mapping/ | fr:/nos-competences/video-mapping/;;
vimeo;747177921;https://vimeo.com/747177921;;;privée ou supprimée;non;3;ch:/nos-competences/video-mapping/ | en:/our-skills/video-mapping/ | fr:/nos-competences/video-mapping/;;
vimeo;374172154;https://vimeo.com/374172154;;;public;non;3;ch:/nos-competences/creation-immersive-realite-virtuelle/ | en:/our-skills/immersive-creation-virtual-reality/ | fr:/nos-competences/creation-immersive-realite-virtuelle/;;
vimeo;744595694;https://vimeo.com/744595694;;;privée ou supprimée;non;3;ch:/nos-competences/creation-immersive-realite-virtuelle/ | en:/our-skills/immersive-creation-virtual-reality/ | fr:/nos-competences/creation-immersive-realite-virtuelle/;;
vimeo;608958203;https://vimeo.com/608958203;;;privée ou supprimée;non;3;ch:/nos-competences/aftermovie-captation-evenementielle/ | en:/our-skills/aftermovie-event-capture/ | fr:/nos-competences/aftermovie-captation-evenementielle/;;
vimeo;743077571;https://vimeo.com/743077571;;;privée ou supprimée;non;3;ch:/nos-competences/aftermovie-captation-evenementielle/ | en:/our-skills/aftermovie-event-capture/ | fr:/nos-competences/aftermovie-captation-evenementielle/;;
vimeo;743078668;https://vimeo.com/743078668;;;privée ou supprimée;non;3;ch:/nos-competences/aftermovie-captation-evenementielle/ | en:/our-skills/aftermovie-event-capture/ | fr:/nos-competences/aftermovie-captation-evenementielle/;;
vimeo;364261119;https://vimeo.com/364261119;Vercors-nature;3:15;public;non;3;ch:/nos-competences/video-aerienne-drone/ | en:/our-skills/aerial-video-drone/ | fr:/nos-competences/video-aerienne-drone/;;
vimeo;518933955;https://vimeo.com/518933955;C'PRO Eole;5:22;public;non;3;ch:/nos-competences/video-aerienne-drone/ | en:/our-skills/aerial-video-drone/ | fr:/nos-competences/video-aerienne-drone/;;
vimeo;875506441;https://vimeo.com/875506441;;;privée ou supprimée;non;3;en:/actualites/the-bluevista-metaverse-the-blueverse/ | en:/actualites/vercors-the-paths-of-freedom/ | fr:/actualites/vercors-les-chemins-de-la-liberte/;;
vimeo;398565590;https://vimeo.com/398565590;SANTOS Centrifugeuse #65;2:26;public;non;3;ch:/actualites/tournage-en-studio-film-produit-santos/ | en:/actualites/studio-shooting-santos-film/ | fr:/actualites/tournage-en-studio-film-produit-santos/;;
vimeo;276252940;https://vimeo.com/276252940;30 ans Bocuse d’Or - Régis Marcon;3:22;public;non;3;ch:/actualites/nos-dernieres-interviews/ | en:/actualites/our-latest-interviews/ | fr:/actualites/nos-dernieres-interviews/;;
vimeo;301829876;https://vimeo.com/301829876;SANTOS : Centrifugeuse;2:51;public;non;3;ch:/actualites/film-de-presentation-produit/ | en:/actualites/product-presentation-film/ | fr:/actualites/film-de-presentation-produit/;;
vimeo;273313919;https://vimeo.com/273313919;AMPLITUDE - Voeux 2018 version EN;2:07;public;non;3;ch:/actualites/carte-de-voeux-video/ | en:/actualites/video-greeting-card/ | fr:/actualites/carte-de-voeux-video/;;
youtube;3xUSy6lud68;https://youtu.be/3xUSy6lud68;;;youtube;non;3;ch:/actualites/carte-de-voeux-video/ | en:/actualites/video-greeting-card/ | fr:/actualites/carte-de-voeux-video/;;
vimeo;240379088;https://vimeo.com/240379088;1611-MAAT_PHARMA-ALX-V7-Complet.mp4;3:48;public;non;3;ch:/actualites/realisation-de-film-dentreprise-ou-corporate/ | en:/actualites/corporate-film-production/ | fr:/actualites/realisation-de-film-dentreprise-ou-corporate/;;
vimeo;249078214;https://vimeo.com/249078214;;;public;non;3;ch:/actualites/realisation-de-film-dentreprise-ou-corporate/ | en:/actualites/corporate-film-production/ | fr:/actualites/realisation-de-film-dentreprise-ou-corporate/;;
vimeo;126716619;https://vimeo.com/126716619;RISO Perfect Binder - video demo;1:15;public;non;3;ch:/actualites/realisation-de-3-clips-produit-en-studio-pour-la-societe-riso/ | en:/actualites/production-of-3-in-studio-clips-for-riso/ | fr:/actualites/realisation-de-3-clips-produit-en-studio-pour-la-societe-riso/;;
vimeo;126716618;https://vimeo.com/126716618;RISO Wrapping Envelope Finisher - video demo;1:19;public;non;3;ch:/actualites/realisation-de-3-clips-produit-en-studio-pour-la-societe-riso/ | en:/actualites/production-of-3-in-studio-clips-for-riso/ | fr:/actualites/realisation-de-3-clips-produit-en-studio-pour-la-societe-riso/;;
vimeo;108357892;https://vimeo.com/108357892;Second Shooter Tutorial;9:41;public;non;3;ch:/actualites/nouveau-materiel-motion-control-kessler/ | en:/actualites/new-hardware-motion-control-kessler/ | fr:/actualites/nouveau-materiel-motion-control-kessler/;;
vimeo;126692875;https://vimeo.com/126692875;Instants de tournage;0:41;public;non;3;ch:/actualites/timelapse-de-tournage-en-studio/ | en:/actualites/timelapse-of-studio-shooting/ | fr:/actualites/timelapse-de-tournage-en-studio/;;
vimeo;125745231;https://vimeo.com/125745231;Inauguration Mountain Store Quechua / Simond / Wed'ze pour Ores Group;3:39;public;non;3;ch:/actualites/projection-semi-transparente-immersive-pour-linauguration-dun-batiment/ | en:/actualites/immersive-semi-transparent-projection-for-building-inauguration/ | fr:/actualites/projection-semi-transparente-immersive-pour-linauguration-dun-batiment/;;
vimeo;125745232;https://vimeo.com/125745232;Making of - motion design vintage;0:42;public;non;3;ch:/actualites/un-motion-design-a-lancienne-making-of/ | en:/actualites/old-fashioned-motion-design-making-of/ | fr:/actualites/un-motion-design-a-lancienne-making-of/;;
vimeo;249078324;https://vimeo.com/249078324;Bluevista 360 / VR reel;2:19;public;non;3;ch:/actualites/video-immersive-360/ | en:/actualites/360-immersive-video/ | fr:/actualites/video-immersive-360/;;
vimeo;293100860;https://vimeo.com/293100860;;;public;non;3;ch:/actualites/video-immersive-360/ | en:/actualites/360-immersive-video/ | fr:/actualites/video-immersive-360/;;
vimeo;216161170;https://vimeo.com/216161170;;;public;non;3;ch:/actualites/video-immersive-360/ | en:/actualites/360-immersive-video/ | fr:/actualites/video-immersive-360/;;
vimeo;298596928;https://vimeo.com/298596928;Clip report Fubiz Talks 2018;3:00;public;non;5;ch:/realisation-de-film-evenements/ | en:/actualites/after-movie-fubiz-talks-2018/ | en:/geneva-event-video-production/ | fr:/actualites/after-movie-fubiz-talks-2018/ | fr:/realisation-de-film-evenements/;;
vimeo;371351938;https://vimeo.com/371351938;TETRO - Intercontinental Lyon - Mapping Dome;2:55;public;non;5;ch:/nos-competences/video-mapping/ | en:/actualites/inauguration-intercontinental-lyon-grand-hotel-dieu/ | en:/our-skills/video-mapping/ | fr:/actualites/inauguration-intercontinental-lyon-grand-hotel-dieu/ | fr:/nos-competences/video-mapping/;;
vimeo;371351851;https://vimeo.com/371351851;;;public;non;5;ch:/nos-competences/video-mapping/ | en:/actualites/inauguration-intercontinental-lyon-grand-hotel-dieu/ | en:/our-skills/video-mapping/ | fr:/actualites/inauguration-intercontinental-lyon-grand-hotel-dieu/ | fr:/nos-competences/video-mapping/;;
vimeo;298970623;https://vimeo.com/298970623;bluevista | Showreel Drone 2018;0:54;public;non;5;ch:/actualites/show-reel-videos-drone/ | en:/actualites/show-reel-videos-drone/ | en:/our-skills/aerial-video-drone/ | fr:/actualites/show-reel-videos-drone/ | fr:/nos-competences/video-aerienne-drone/;;
youtube;HLYkX6Lq3xg;https://youtu.be/HLYkX6Lq3xg;;;youtube;non;5;ch:/actualites/film-de-presentation-produit/ | en:/actualites/product-presentation-film/ | en:/actualites/stann/ | fr:/actualites/film-de-presentation-produit/ | fr:/actualites/stann/;;
vimeo;301837506;https://vimeo.com/301837506;bluevista | Showreel Motion Design;1:00;public;non;6;ch:/actualites/show-reel-motion-design/ | ch:/nos-competences/motion-design/ | en:/actualites/show-reel-motion-design/ | en:/our-skills/motion-design/ | fr:/actualites/show-reel-motion-design/ | fr:/nos-competences/motion-design/;;
vimeo;126850012;https://vimeo.com/126850012;Amplitude corporate -- WIP;2:10;public;non;7;ch:/actualites/film-dentreprise-video-15-ans-dexperience/ | en:/actualites/corporate-film-video-15-years-of-experience/ | en:/advertising-video/ | en:/corporate-film-lyon-15-years-of-experience/ | en:/promotional-video/ | fr:/actualites/film-dentreprise-video-15-ans-dexperience/ | fr:/film-entreprise-lyon-15-ans-experience/;;
vimeo;298198261;https://vimeo.com/298198261;;;public;non;8;ch:/actualites/motion-design-pedagogique/ | ch:/realisation-de-film-banques-assurances/ | en:/actualites/educational-motion-design/ | en:/corporate-film-in-lyon/ | en:/film-production-banking-and-insurance/ | fr:/actualites/motion-design-pedagogique/ | fr:/realisation-de-film-banques-assurances/ | fr:/realisation-film-entreprise-lyon/;;
vimeo;273331886;https://vimeo.com/273331886;;;public;non;8;ch:/actualites/film-de-presentation-produit/ | ch:/realisation-film-construction-immobiliere/ | en:/actualites/product-presentation-film/ | en:/actualites/stann/ | en:/film-production-real-estate-construction/ | fr:/actualites/film-de-presentation-produit/ | fr:/actualites/stann/ | fr:/realisation-film-construction-immobiliere/;;
vimeo;307515377;https://vimeo.com/307515377;bluevista | Live streaming 2018;0:46;public;non;8;ch:/actualites/streaming-live-et-webtv-demo-2018/ | ch:/nos-competences/live-streaming-webtv/ | en:/actualites/live-video-homeserve-20ans/ | en:/actualites/streaming-live-and-webtv-demo-2018/ | en:/our-skills/live-streaming-webtv/ | fr:/actualites/live-video-homeserve-20ans/ | fr:/actualites/streaming-live-et-webtv-demo-2018/ | fr:/nos-competences/live-streaming-webtv/;;
vimeo;298213852;https://vimeo.com/298213852;Carso - Version Anglaise;4:48;public;non;9;ch:/actualites/realisation-de-film-dentreprise-ou-corporate/ | ch:/nos-competences/video-corporate-film-dentreprise/ | ch:/realisation-film-sante/ | en:/actualites/corporate-film-production/ | en:/film-production-health/ | en:/our-skills/corporate-video-corporate-film/ | fr:/actualites/realisation-de-film-dentreprise-ou-corporate/ | fr:/nos-competences/video-corporate-film-dentreprise/;;
vimeo;298559082;https://vimeo.com/298559082;ABB AF Contactor;2:21;public;non;11;ch:/realisation-film-evenementiel/ | ch:/realisation-film-immobilier-real-estate/ | ch:/realisation-film-industrie/ | ch:/video-promotionnelle/ | en:/film-production-events/ | en:/film-production-industry/ | en:/film-production-real-estate/ | fr:/realisation-film-evenementiel/;;
vimeo;301877424;https://vimeo.com/301877424;bluevista | Showreel animation 3D;1:01;public;non;11;ch:/actualites/decouvrez-notre-nouvelle-bande-demo-3d/ | ch:/nos-competences/animation-3d/ | ch:/studio-danimation-3d-a-geneve/ | en:/3d-animation-studio-in-lyon/ | en:/3d-animation-studio-in-paris/ | en:/actualites/discover-our-new-3d-demo-reel/ | en:/our-skills/3d-animation/ | fr:/actualites/decouvrez-notre-nouvelle-bande-demo-3d/;;
