ancienne_url;titre_actuel;clics_12m;impressions_12m;action;cible
/actualites/stann/;STANN.;0;7563;MIGRER — projet déguisé;/nos-realisations/<slug>/
/actualites/video-immersive-360/;Vidéo immersive 360°;9;3145;MIGRER — projet déguisé;/nos-realisations/<slug>/
/actualites/bluevista-video-showreel-2023/;Bluevista vidéo Showreel 2023;5;2392;MIGRER — projet déguisé;/nos-realisations/<slug>/
/actualites/carte-de-voeux-video/;Carte de voeux vidéo;4;2339;MIGRER — projet déguisé;/nos-realisations/<slug>/
/actualites/aravi-saison-2022-2023/;ARAVI - Saison 2022/2023;0;856;FUSIONNER — doublon;/nos-realisations/aravi-saison-2022-2023/
/actualites/koesio-carte-de-voeux-2023/;Koesio - Carte de voeux 2023;2;762;FUSIONNER — doublon;/nos-realisations/koesio-voeux-2024/
/actualites/motion-design-3d-et-mapping-a-paris-au-musee-rodin/;Motion design 3D et mapping à Paris au Musée Rodin;9;705;MIGRER — projet déguisé;/nos-realisations/<slug>/
/actualites/video-mapping-lyon-intercontinental-grand-hotel-dieu/;Vidéo mapping Lyon - InterContinental Grand Hôtel Dieu;8;617;FUSIONNER — doublon;/nos-realisations/tetro-grand-hotel-dieu/
/actualites/guitare-en-scene-2023/;Guitare en Scène 2023;2;542;FUSIONNER — doublon;/nos-realisations/guitare-en-scene-edition-2023/
/actualites/animation-3d-grande-arche-de-la-defense/;Animation 3D Grande Arche de la Défense;7;332;MIGRER — projet déguisé;/nos-realisations/<slug>/
/actualites/realisation-immersion-360-degres-dameuse-pisten-bully/;Réalisation immersion 360 degrés dameuse Pisten Bully;2;308;FUSIONNER — doublon;/nos-realisations/pisten-bully-dameuse-360-vr/
/actualites/animation-3d-produit-hitachi-csnet-manager/;Animation 3D produit HITACHI CSNet manager;1;305;MIGRER — projet déguisé;/nos-realisations/<slug>/
/actualites/mase-4-motions/;MASE Rhône Alpes : Motions;1;302;MIGRER — projet déguisé;/nos-realisations/<slug>/
/actualites/bluevista-le-motion-design/;bluevista - Le motion design, c'est quoi ?;2;277;GARDER — vrai article;
/actualites/mapping-printemps-lyon/;Mapping Printemps Lyon : Changement de marque;1;274;FUSIONNER — doublon;/nos-realisations/printemps-mapping/
/actualites/projet-de-realisation-video-360/;Vidéo 360 drone;2;255;MIGRER — projet déguisé;/nos-realisations/<slug>/
/actualites/sport-boules-16eme-trophee-emile-terrier/;Sport Boules : 16ème Trophée Émile Terrier;0;225;MIGRER — projet déguisé;/nos-realisations/<slug>/
/actualites/show-reel-motion-design/;Show reel Motion Design;0;214;MIGRER — projet déguisé;/nos-realisations/<slug>/
/actualites/showroom-virtuel-gf-machining-solutions/;Showroom Virtuel GF Machining Solutions;2;200;MIGRER — projet déguisé;/nos-realisations/<slug>/
/actualites/inauguration-intercontinental-lyon-grand-hotel-dieu/;Inauguration InterContinental Lyon - Grand Hôtel-Dieu;1;200;FUSIONNER — doublon;/nos-realisations/tetro-grand-hotel-dieu/
/actualites/barpi-prevention-accidents/;BARPI : Prévention d'accidents industriels;3;197;MIGRER — projet déguisé;/nos-realisations/<slug>/
/actualites/50ans-de-lpa-une-histoire-lyonnaise/;50ans de LPA, une histoire Lyonnaise;3;183;MIGRER — projet déguisé;/nos-realisations/<slug>/
/actualites/vercors-les-chemins-de-la-liberte/;VERCORS : LES CHEMINS DE LA LIBERTE;1;121;FUSIONNER — doublon;/nos-realisations/pnr-vercors-les-chemins-de-la-liberte-la-cabane-des-carteaux/
/actualites/bluevista-video-showreel-2020/;Bluevista vidéo Showreel 2020;0;99;MIGRER — projet déguisé;/nos-realisations/<slug>/
/actualites/peninsula-octobre-rose/;Peninsula : Octobre Rose;0;94;MIGRER — projet déguisé;/nos-realisations/<slug>/
/actualites/bluevista-video-showreel-2021/;Bluevista vidéo Showreel 2021;1;90;MIGRER — projet déguisé;/nos-realisations/<slug>/
/actualites/nos-dernieres-interviews/;Nos dernières interviews;0;77;MIGRER — projet déguisé;/nos-realisations/<slug>/
/actualites/santos-i-grind/;SANTOS I-GRIND : Le Moulin à Café;1;61;FUSIONNER — doublon;/nos-realisations/santos-i-grind-coffee-grinder-reveal/
/actualites/equita-lyon-dailynews/;Equita Lyon : Dailynews;0;39;FUSIONNER — doublon;/nos-realisations/equita-lyon-dailynews/
/actualites/getlive-tv-3-0-la-wbe-tv-selon-bluevista/;GETLIVE TV 3.0 – La web TV selon Bluevista;0;39;MIGRER — projet déguisé;/nos-realisations/<slug>/
/actualites/bluevista-creative-video-un-monde-virtuel-1-la-moto/;bluevista creative | vidéo « Un monde virtuel #1 : la moto »;0;37;FUSIONNER — doublon;/nos-realisations/bluevista-creative-un-monde-virtuel-1-la-moto/
/actualites/decouvrez-notre-nouvelle-bande-demo-3d/;Découvrez notre nouvelle bande démo 3D;0;28;MIGRER — projet déguisé;/nos-realisations/<slug>/
/actualites/bluevista-creative-video-une-vraie-equipe-3-la-productivite/;bluevista creative | vidéo « Une vraie équipe #3 – la productivité »;0;22;FUSIONNER — doublon;/nos-realisations/bluevista-creative-une-vraie-equipe-1-la-flexibilite/
/actualites/blueverse/;Le Métaverse bluevista : le blueverse;1;21;MIGRER — projet déguisé;/nos-realisations/<slug>/
/actualites/nouveau-materiel-motion-control-kessler/;Nouveau matériel – Motion control Kessler;0;21;MIGRER — projet déguisé;/nos-realisations/<slug>/
/actualites/realisation-de-film-dentreprise-ou-corporate/;Réalisation de film d'entreprise ou corporate;0;19;MIGRER — projet déguisé;/nos-realisations/<slug>/
/actualites/streaming-live-et-webtv-demo-2018/;Streaming Live et WebTV démo 2018;0;13;MIGRER — projet déguisé;/nos-realisations/<slug>/
/actualites/live-video-homeserve-20ans/;Live streaming des 20 ans Homeserve;0;12;MIGRER — projet déguisé;/nos-realisations/<slug>/
/actualites/bluevista-creative-unicorn-team/;bluevista creative | « Unicorn Team »;0;9;FUSIONNER — doublon;/nos-realisations/bluevista-creative-unicorn-team/
/actualites/serie-de-6-videos-promotionnelles-pour-les-produits-abb-snk/;Série de 6 vidéos promotionnelles pour les produits ABB SNK;0;9;MIGRER — projet déguisé;/nos-realisations/<slug>/
/actualites/un-motion-design-a-lancienne-making-of/;Un motion design « à l’ancienne » – Making of;0;8;MIGRER — projet déguisé;/nos-realisations/<slug>/
/actualites/la-realite-virtuelle-oculus-a-bluevista/;La réalité virtuelle Oculus à Bluevista;0;7;MIGRER — projet déguisé;/nos-realisations/<slug>/
/actualites/clip-corporate-bos-equipement/;Clip Corporate BOS Equipement;0;6;MIGRER — projet déguisé;/nos-realisations/<slug>/
/actualites/artcurial-20ans/;Artcurial : Mapping 20ans;0;5;MIGRER — projet déguisé;/nos-realisations/<slug>/
/actualites/realisation-de-3-clips-produit-en-studio-pour-la-societe-riso/;Réalisation de 3 clips produit en studio pour la société RISO;0;5;MIGRER — projet déguisé;/nos-realisations/<slug>/
/actualites/film-de-presentation-produit/;Film de présentation produit;0;4;MIGRER — projet déguisé;/nos-realisations/<slug>/
/actualites/mecenat-club-lyon-la-duchere/;Mécénat : Club Lyon La Duchère;0;3;FUSIONNER — doublon;/nos-realisations/lyon-la-duchere-arbre-de-noel/
/actualites/un-tournage-en-preparation-dans-le-parc-naturel-regional-du-vercors/;Un tournage en préparation dans le Parc Naturel Régional du Vercors;0;3;MIGRER — projet déguisé;/nos-realisations/<slug>/
/actualites/projection-semi-transparente-immersive-pour-linauguration-dun-batiment/;Projection semi-transparente immersive pour l’inauguration d’un bâtiment;0;3;MIGRER — projet déguisé;/nos-realisations/<slug>/
/actualites/tournage-en-studio-film-produit-santos/;Tournage en studio – Film produit Santos;0;3;FUSIONNER — doublon;/nos-realisations/santos-film-produit/
/actualites/show-reel-videos-drone/;Show reel vidéos drone;0;2;MIGRER — projet déguisé;/nos-realisations/<slug>/
/actualites/bluevista-creative-video-une-vraie-equipe-2-la-diversite/;bluevista creative | vidéo « Une vraie équipe #2 – la diversité »;0;2;FUSIONNER — doublon;/nos-realisations/bluevista-creative-une-vraie-equipe-1-la-flexibilite/
/actualites/bluevista-creative-video-une-vraie-equipe-1-la-flexibilite/;"bluevista creative | vidéo &quot;Une vraie équipe #1 - la flexibilité&quot;";0;2;FUSIONNER — doublon;/nos-realisations/bluevista-creative-une-vraie-equipe-1-la-flexibilite/
/actualites/equita-lyon-2019-daily-news/;Equita Lyon 2019 – daily news;0;2;FUSIONNER — doublon;/nos-realisations/equita-lyon-dailynews/
/actualites/motion-design-pedagogique/;Motion Design pédagogique;0;1;MIGRER — projet déguisé;/nos-realisations/<slug>/
/actualites/film-dentreprise-video-15-ans-dexperience/;Film d’entreprise – vidéo 15 ans d’expérience;0;1;MIGRER — projet déguisé;/nos-realisations/<slug>/
/actualites/bluevista-creative-la-pizza/;"bluevista creative | &quot;La Pizza&quot;";0;1;FUSIONNER — doublon;/nos-realisations/bluevista-creative-la-pizza/
/actualites/timelapse-de-tournage-en-studio/;Timelapse de tournage en studio;0;0;MIGRER — projet déguisé;/nos-realisations/<slug>/
/actualites/social-wall-pour-espace-vip/;Social wall pour espace VIP;0;0;MIGRER — projet déguisé;/nos-realisations/<slug>/
/actualites/guitare-en-scene-2022/;Guitare en Scène 2022;0;0;FUSIONNER — doublon;/nos-realisations/guitare-en-scene-edition-2023/
/actualites/after-movie-fubiz-talks-2018/;After Movie Fubiz Talks 2018;0;0;MIGRER — projet déguisé;/nos-realisations/<slug>/
/actualites/premier-vol-drone/;Notre premier vol de drone, c’était en 2012 !;0;0;MIGRER — projet déguisé;/nos-realisations/<slug>/
/actualites/video-et-site-web-funseaker-yacht/;Vidéo et site web – Funseaker Yacht;0;0;MIGRER — projet déguisé;/nos-realisations/<slug>/
