ancienne_url;nouvelle_url;code;motif;clics_12m
/;/;301;page fixe;894
/;(bluevista.ch — chantier séparé);—;suisse, hors périmètre;175
/studio-animation-3d-lyon/;/studio-animation-3d-lyon/;301;ville — adresse conservée;159
/studio-danimation-3d-a-geneve/;(bluevista.ch — chantier séparé);—;suisse, hors périmètre;152
/;/;301;page fixe;135
/nos-competences/video-mapping/;/savoir-faire/video-mapping/;301;savoir-faire — adresse conservée;96
/nos-competences/live-streaming-webtv/;/savoir-faire/live-streaming-webtv/;301;savoir-faire — adresse conservée;85
/nos-realisations/engie-home-services-video-thermostat-migo/;/realisations/engie-home-services-video-tuto-thermostat-migo/;301;réalisation (score 5);61
/studio-animation-3d-paris/;/studio-animation-3d-paris/;301;ville — adresse conservée;54
/agence/;/agence/;301;page fixe;38
/nos-competences/animation-3d/;(bluevista.ch — chantier séparé);—;suisse, hors périmètre;31
/nos-competences/motion-design/;(bluevista.ch — chantier séparé);—;suisse, hors périmètre;29
/nos-competences/video-mapping/;(bluevista.ch — chantier séparé);—;suisse, hors périmètre;29
/our-skills/live-streaming-webtv/;/;301;à trancher;25
/nos-competences/animation-3d/;/savoir-faire/animation-3d/;301;savoir-faire — adresse conservée;24
/contact-devis/;/contact/;301;page fixe;17
/nos-realisations/verizon-connect-video-de-presentation/;/realisations/verizon-connect-video-de-presentation/;301;réalisation (score 2);17
/nos-realisations/;/realisations/;301;page fixe;15
/nos-competences/motion-design/;/savoir-faire/motion-design/;301;savoir-faire — adresse conservée;14
/realisation-film-entreprise-lyon/;/realisation-film-entreprise-lyon/;301;ville — adresse conservée;14
/video-publicitaire/;/;301;à trancher;14
/nos-realisations/thx-medical-dosamat-digital-2-0/;/realisations/thx-medical-dosamat-digital-2-0-motion-design/;301;réalisation (score 3);12
/nos-competences/video-aerienne-drone/;(bluevista.ch — chantier séparé);—;suisse, hors périmètre;12
/mentions-legales/;/mentions-legales/;301;page fixe;11
/nos-realisations/eiffage-energie-expercite/;/realisations/eiffage-energie-expercite-video-3d-timelapse/;301;réalisation (score 3);11
/nos-realisations/stann-lapplication-de-gestion-dentreprise/;⚠️ À RATTACHER À LA MAIN;301;sans cible — a du trafic;11
/nos-competences/aftermovie-captation-evenementielle/;/savoir-faire/aftermovie-captation-evenementielle/;301;savoir-faire — adresse conservée;10
/actualites/video-immersive-360/;/realisations/video-immersive-360/;301;réalisation (score 1);9
/actualites/motion-design-3d-et-mapping-a-paris-au-musee-rodin/;/realisations/motion-design-sodexo/;301;réalisation (score 2);9
/nos-competences/creation-immersive-realite-virtuelle/;/savoir-faire/creation-immersive-realite-virtuelle/;301;savoir-faire — adresse conservée;9
/realisation-video-geneve/;(bluevista.ch — chantier séparé);—;suisse, hors périmètre;9
/nos-realisations/radisson-360-vr/;/realisations/radisson-blu-video-360-vr/;301;réalisation (score 1);8
/actualites/video-mapping-lyon-intercontinental-grand-hotel-dieu/;/realisations/tetro-grand-hotel-dieu-video-event/;301;réalisation (score 3);8
/nos-realisations/printemps-nouvelle-identite/;/realisations/printemps-nouvelle-identite-reportage-video-evenement/;301;réalisation (score 3);8
/nos-competences/live-streaming-webtv/;(bluevista.ch — chantier séparé);—;suisse, hors périmètre;8
/actualites/animation-3d-grande-arche-de-la-defense/;/realisations/animation-3d-grande-arche-de-la-defense/;301;réalisation (score 4);7
/nos-realisations/amplitude-amplivision/;/realisations/amplitude-amplivision-video-studio/;301;réalisation (score 2);6
/realisation-film-sante/;/;301;à trancher;6
/nos-realisations/hitachi-cs-net/;/realisations/hitachi-cs-net-video-3d/;301;réalisation (score 1);5
/actualites/bluevista-video-showreel-2023/;/realisations/bluevista-showreel-video-2023/;301;réalisation (score 2);5
/actualites/gf-machining-solutions-virtual-showroom/;⚠️ À RATTACHER À LA MAIN;301;sans cible — a du trafic;5
/nos-realisations/qwartz/;/realisations/qwartz-video-de-presentation-centre-commercial/;301;réalisation (score 1);4
/actualites/carte-de-voeux-video/;/realisations/veama-carte-de-voeux-2019/;301;réalisation (score 2);4
/nos-realisations/tetro-grand-hotel-dieu/;/realisations/tetro-grand-hotel-dieu-video-event/;301;réalisation (score 4);4
/nos-competences/studio-fond-vert-compositing/;/savoir-faire/studio-fond-vert-compositing/;301;savoir-faire — adresse conservée;4
/agence/;(bluevista.ch — chantier séparé);—;suisse, hors périmètre;4
/3d-animation-studio-in-paris/;/;301;à trancher;4
/nos-realisations/thx-medical-dosamat-digital-2-0/;/realisations/thx-medical-dosamat-digital-2-0-motion-design/;301;réalisation (score 3);3
/actualites/barpi-prevention-accidents/;/realisations/barpi-prevention-accidents/;301;réalisation (score 3);3
/actualites/50ans-de-lpa-une-histoire-lyonnaise/;/realisations/50ans-de-lpa-une-histoire-lyonnaise/;301;réalisation (score 3);3
/nos-competences/studio-fond-vert-compositing/;(bluevista.ch — chantier séparé);—;suisse, hors périmètre;3
/bluevista-agence-metaverse/;/;301;à trancher;3
/film-d-entreprise-paris-15-ans-d-experience/;/;301;à trancher;3
/video-promotionnelle/;/;301;à trancher;3
/nos-realisations/radisson-360-vr/;/realisations/radisson-blu-video-360-vr/;301;réalisation (score 1);2
/actualites/360-immersive-video/;/realisations/video-immersive-360/;301;réalisation (score 1);2
/nos-realisations/opiiec/;/realisations/opiiec-motio-design-site-internet/;301;réalisation (score 1);2
/nos-realisations/amplitude-amplivision/;/realisations/amplitude-amplivision-video-studio/;301;réalisation (score 2);2
/nos-realisations/bluevista-showreel-2025/;/realisations/bluevista-showreel-2025/;301;réalisation (score 2);2
/actualites/bluevista-le-motion-design/;/realisations/motion-design-sodexo/;301;réalisation (score 2);2
/actualites/projet-de-realisation-video-360/;/realisations/projet-de-realisation-video-360/;301;réalisation (score 2);2
/nos-realisations/pisten-bully-360-vr-snowcat/;/realisations/pisten-bully-dameuse-video-360-vr/;301;réalisation (score 2);2
/actualites/showroom-virtuel-gf-machining-solutions/;/realisations/ensto-showroom-virtuel/;301;réalisation (score 2);2
/nos-realisations/artcurial-mapping/;/realisations/artcurial-video-mapping/;301;réalisation (score 2);2
/actualites/koesio-carte-de-voeux-2023/;/realisations/koesio-carte-de-v-ux-video-2023/;301;réalisation (score 3);2
/actualites/guitare-en-scene-2023/;/realisations/guitare-en-scene-edition-2023-video-evenement/;301;réalisation (score 3);2
/actualites/realisation-immersion-360-degres-dameuse-pisten-bully/;/realisations/pisten-bully-dameuse-video-360-vr/;301;réalisation (score 3);2
/nos-realisations/arrow-abox-memo/;/realisations/arrow-abox-memo-animation-3d/;301;réalisation (score 3);2
/nos-realisations/koesio-convention-2024/;/realisations/koesio-convention-2024/;301;réalisation (score 3);2
/nos-realisations/irisolaris-aftermovie-irisdays-2024/;/realisations/irisolaris-aftermovie-irisdays-2024/;301;réalisation (score 4);2
/nos-realisations/santos-i-grind-coffee-grinder-reveal/;/realisations/santos-i-grind-coffee-grinder-reveal/;301;réalisation (score 5);2
/nos-competences/video-aerienne-drone/;/savoir-faire/video-aerienne-drone/;301;savoir-faire — adresse conservée;2
/nos-competences/video-corporate-film-dentreprise/;(bluevista.ch — chantier séparé);—;suisse, hors périmètre;2
/mentions-legales/;(bluevista.ch — chantier séparé);—;suisse, hors périmètre;2
/nos-realisations/;(bluevista.ch — chantier séparé);—;suisse, hors périmètre;2
/bluevista-agence-metaverse/;(bluevista.ch — chantier séparé);—;suisse, hors périmètre;2
/realisation-video-geneve/;/realisation-video-geneve/;301;ville — adresse conservée;2
/our-skills/immersive-creation-virtual-reality/;/;301;à trancher;2
/nos-realisations/hitachi-cs-net/;/realisations/hitachi-cs-net-video-3d/;301;réalisation (score 1);1
/nos-realisations/deko-film-de-presentation/;/realisations/deko-film-de-presentation/;301;réalisation (score 1);1
/actualites/the-bluevista-metaverse-the-blueverse/;/realisations/blueverse/;301;réalisation (score 1);1
/actualites/getlive-tv-3-0-wbe-tv-according-to-bluevista/;/realisations/getlive-tv-3-0-la-wbe-tv-selon-bluevista/;301;réalisation (score 1);1
/nos-realisations/40-ans-siparex/;/realisations/40-ans-siparex-videomapping/;301;réalisation (score 1);1
/actualites/blueverse/;/realisations/blueverse/;301;réalisation (score 1);1
/actualites/barpi-industrial-accident-prevention/;/realisations/barpi-prevention-accidents/;301;réalisation (score 2);1
/nos-realisations/bluevista-showreel-2020/;/realisations/bluevista-showreel-video-2020/;301;réalisation (score 2);1
/nos-realisations/olinn-video-publicitaire/;/realisations/olinn-video-publicitaire/;301;réalisation (score 2);1
/actualites/animation-3d-produit-hitachi-csnet-manager/;/realisations/hitachi-yutaki-video-produit-3d/;301;réalisation (score 2);1
/actualites/mase-4-motions/;/realisations/mase-4-motions/;301;réalisation (score 2);1
/actualites/mapping-printemps-lyon/;/realisations/printemps-video-mapping/;301;réalisation (score 2);1
/nos-realisations/hitachi-hikumo/;/realisations/hitachi-hikumo-video-tuto-3d/;301;réalisation (score 2);1
/nos-realisations/mapping-audi/;/realisations/video-mapping-vehicule-audi-a8/;301;réalisation (score 2);1
/actualites/bluevista-video-showreel-2021/;/realisations/bluevista-showreel-video-2021/;301;réalisation (score 2);1
/nos-realisations/hitachi-yutaki/;/realisations/hitachi-yutaki-video-produit-3d/;301;réalisation (score 2);1
/nos-realisations/elistair-orion/;/realisations/elistair-orion-video-produit-animation-3d/;301;réalisation (score 2);1
/actualites/santos-i-grind/;/realisations/santos-i-grind-coffee-grinder-teaser/;301;réalisation (score 2);1
/nos-realisations/koesio-voeux-2024/;/realisations/koesio-convention-2024/;301;réalisation (score 2);1
/nos-realisations/isara-interviews-detudiants/;/realisations/isara-interviews-d-etudiants/;301;réalisation (score 2);1
/nos-realisations/riso-comcolor/;/realisations/riso-comcolor-video-produit/;301;réalisation (score 2);1
/nos-realisations/araymond-share/;/realisations/araymond-share-motion-design-site-internet/;301;réalisation (score 2);1
/nos-realisations/dromis-equans-ineo/;/realisations/dromis-equans-ineo-reportage-video/;301;réalisation (score 3);1
/nos-realisations/pisten-bully-dameuse-360-vr/;/realisations/pisten-bully-dameuse-video-360-vr/;301;réalisation (score 3);1
/actualites/inauguration-intercontinental-lyon-grand-hotel-dieu/;/realisations/tetro-grand-hotel-dieu-video-event/;301;réalisation (score 3);1
/actualites/inauguration-intercontinental-lyon-grand-hotel-dieu/;/realisations/tetro-grand-hotel-dieu-video-event/;301;réalisation (score 3);1
/actualites/vercors-les-chemins-de-la-liberte/;/realisations/pnr-vercors-les-chemins-de-la-liberte-la-cabane-des-carteaux/;301;réalisation (score 3);1
/nos-realisations/eiffage-energie-expercite/;/realisations/eiffage-energie-expercite-video-3d-timelapse/;301;réalisation (score 3);1
/nos-realisations/hitachi-film-catalogue-2021/;/realisations/hitachi-film-catalogue-2021/;301;réalisation (score 3);1
/actualites/video-mapping-lyon-intercontinental-grand-hotel-dieu/;/realisations/tetro-grand-hotel-dieu-video-event/;301;réalisation (score 3);1
/nos-realisations/tetro-stalactite-light-show/;/realisations/tetro-stalactite-light-show-video/;301;réalisation (score 4);1
/nos-realisations/tetro-fete-des-lumieres-2021/;/realisations/tetro-video-fete-des-lumieres-lyon-2021/;301;réalisation (score 4);1
/nos-realisations/icsi-briefing-debriefing-minute-darret/;/realisations/icsi-briefing-debriefing-minute-d-arret/;301;réalisation (score 4);1
/nos-realisations/engie-home-services-migo-thermostat-video/;/realisations/engie-home-services-video-tuto-thermostat-migo/;301;réalisation (score 5);1
/nos-realisations/bos/;⚠️ À RATTACHER À LA MAIN;301;sans cible — a du trafic;1
/nos-realisations/spc/;⚠️ À RATTACHER À LA MAIN;301;sans cible — a du trafic;1
/nos-competences/video-corporate-film-dentreprise/;/savoir-faire/video-corporate-film-dentreprise/;301;savoir-faire — adresse conservée;1
/nos-competences/aftermovie-captation-evenementielle/;(bluevista.ch — chantier séparé);—;suisse, hors périmètre;1
/actualites/;(bluevista.ch — chantier séparé);—;suisse, hors périmètre;1
/nos-competences/;(bluevista.ch — chantier séparé);—;suisse, hors périmètre;1
/contact-devis/;(bluevista.ch — chantier séparé);—;suisse, hors périmètre;1
/nos-competences/creation-immersive-realite-virtuelle/;(bluevista.ch — chantier séparé);—;suisse, hors périmètre;1
/actualites/un-tournage-en-preparation-dans-le-parc-naturel-regional-du-vercors/;(bluevista.ch — chantier séparé);—;suisse, hors périmètre;1
/video-production-in-geneva/;/;301;à trancher;1
/realisation-film-lancement-produit/;/;301;à trancher;1
/the-agency/;/;301;à trancher;1
/realisation-film-evenementiel/;/;301;à trancher;1
/geneva-event-video-production/;/;301;à trancher;1
/corporate-film-in-lyon/;/;301;à trancher;1
/our-skills/aftermovie-event-capture/;/;301;à trancher;1
/advertising-video/;/;301;à trancher;1
/actualites/category/videomapping/;/;301;à trancher;1
/our-skills/3d-animation/;/;301;à trancher;1
/realisation-film-industrie/;/;301;à trancher;1
/contact-quotation/;/;301;à trancher;1
/our-skills/aerial-video-drone/;/;301;à trancher;1
/realisation-film-territoires/;/;301;à trancher;1
/realisation-de-film-evenements/;/;410;obsolète → 410;0
/our-skills/corporate-video-corporate-film/;/;410;obsolète → 410;0
/actualites/category/video-360-vr/;/;410;obsolète → 410;0
/metaverse/;/;410;obsolète → 410;0
/news/;/;410;obsolète → 410;0
/film-production-industry/;/;410;obsolète → 410;0
/our-achievements/;/;410;obsolète → 410;0
/our-skills/motion-design/;/;410;obsolète → 410;0
/film-production-product-launch/;/;410;obsolète → 410;0
/film-production-banking-and-insurance/;/;410;obsolète → 410;0
/film-production-territories/;/;410;obsolète → 410;0
/3d-animation-studio-in-lyon/;/;410;obsolète → 410;0
/film-production-health/;/;410;obsolète → 410;0
/our-skills/video-mapping/;/;410;obsolète → 410;0
/our-skills/;/;410;obsolète → 410;0
/realisation-de-film-banques-assurances/;/;410;obsolète → 410;0
/actualites/tag/salon/;/;410;obsolète → 410;0
/film-entreprise-lyon-15-ans-experience/;/;410;obsolète → 410;0
/actualites/category/animation_3d/;/;410;obsolète → 410;0
/actualites/category/tournage-studio/;/;410;obsolète → 410;0
/our-skills/green-screen-studio-compositing/;/;410;obsolète → 410;0
/actualites/category/360-vr-video/;/;410;obsolète → 410;0
/actualites/tag/creation-en/;/;410;obsolète → 410;0
/actualites/category/motion_design/;/;410;obsolète → 410;0
/actualites/category/video-panoramique/;/;410;obsolète → 410;0
/corporate-film-paris-15-years-of-experience/;/;410;obsolète → 410;0
/actualites/category/corporate-en/;/;410;obsolète → 410;0
/actualites/tag/technology/;/;410;obsolète → 410;0
/actualites/tag/services/;/;410;obsolète → 410;0
/film-corporate-lyon-depuis-2004/;/;410;obsolète → 410;0
/actualites/category/publicite/;/;410;obsolète → 410;0
/actualites/tag/after-movie/;/;410;obsolète → 410;0
/actualites/tag/event/;/;410;obsolète → 410;0
/actualites/tag/event-en/;/;410;obsolète → 410;0
/merci-demande-recrutement/;/;410;obsolète → 410;0
/merci-demande-stage/;/;410;obsolète → 410;0
/merci-demande/;/;410;obsolète → 410;0
/realisation-film-construction-immobiliere/;/;410;obsolète → 410;0
/realisation-film-immobilier-real-estate/;/;410;obsolète → 410;0
/realisation-film-automotive/;/;410;obsolète → 410;0
/actualites/category/corporate/;/;410;obsolète → 410;0
/actualites/category/interview/;/;410;obsolète → 410;0
/actualites/category/reportage/;/;410;obsolète → 410;0
/actualites/category/video-live/;/;410;obsolète → 410;0
/actualites/tag/agroalimentaire/;/;410;obsolète → 410;0
/actualites/tag/architecture/;/;410;obsolète → 410;0
/actualites/tag/art/;/;410;obsolète → 410;0
/actualites/tag/audiovisuel/;/;410;obsolète → 410;0
/actualites/tag/automobile/;/;410;obsolète → 410;0
/actualites/tag/banque-assurance/;/;410;obsolète → 410;0
/actualites/tag/batiment/;/;410;obsolète → 410;0
/actualites/tag/borne-interactive/;/;410;obsolète → 410;0
/actualites/tag/commerce/;/;410;obsolète → 410;0
/actualites/tag/construction/;/;410;obsolète → 410;0
/actualites/tag/creation/;/;410;obsolète → 410;0
/actualites/tag/culture/;/;410;obsolète → 410;0
/actualites/tag/exposition/;/;410;obsolète → 410;0
/actualites/tag/fabrication-decors/;/;410;obsolète → 410;0
/actualites/tag/high-tech/;/;410;obsolète → 410;0
/actualites/tag/histoire/;/;410;obsolète → 410;0
/actualites/tag/humour/;/;410;obsolète → 410;0
/actualites/tag/immobilier/;/;410;obsolète → 410;0
/actualites/tag/industrie/;/;410;obsolète → 410;0
/actualites/tag/media/;/;410;obsolète → 410;0
/actualites/tag/nature/;/;410;obsolète → 410;0
/actualites/tag/pharmaceutique/;/;410;obsolète → 410;0
/actualites/tag/rh/;/;410;obsolète → 410;0
/actualites/tag/site/;/;410;obsolète → 410;0
/actualites/tag/social-wall/;/;410;obsolète → 410;0
/actualites/tag/sport/;/;410;obsolète → 410;0
/actualites/tag/streaming/;/;410;obsolète → 410;0
/actualites/tag/technique/;/;410;obsolète → 410;0
/actualites/tag/technologie/;/;410;obsolète → 410;0
/actualites/tag/tourisme/;/;410;obsolète → 410;0
/actualites/tag/tournage-film/;/;410;obsolète → 410;0
/actualites/tag/transport/;/;410;obsolète → 410;0
/actualites/tag/video-interactive/;/;410;obsolète → 410;0
/actualites/formulaire_entree/recrutement/;/;410;obsolète → 410;0
/actualites/formulaire_entree/stage/;/;410;obsolète → 410;0
/actualites/formulaire_entree/demande-de-devis-2/;/;410;obsolète → 410;0
/actualites/formulaire_entree/demande-devis-suisse/;/;410;obsolète → 410;0
/actualites/author/guillaume/;/;410;obsolète → 410;0
/internship-request/;/;410;obsolète → 410;0
/recruitment-request/;/;410;obsolète → 410;0
/thank-you-for-your-request/;/;410;obsolète → 410;0
/promotional-video/;/;410;obsolète → 410;0
/film-production-real-estate-construction/;/;410;obsolète → 410;0
/corporate-film-lyon-15-years-of-experience/;/;410;obsolète → 410;0
/film-production-real-estate/;/;410;obsolète → 410;0
/film-production-events/;/;410;obsolète → 410;0
/film-production-automotive/;/;410;obsolète → 410;0
/corporate-films-in-lyon-since-2004/;/;410;obsolète → 410;0
/actualites/category/3d-animation/;/;410;obsolète → 410;0
/actualites/category/advertising/;/;410;obsolète → 410;0
/actualites/category/interview-en/;/;410;obsolète → 410;0
/actualites/category/live-video/;/;410;obsolète → 410;0
/actualites/category/motion-design/;/;410;obsolète → 410;0
/actualites/category/panoramic-video/;/;410;obsolète → 410;0
/actualites/category/report/;/;410;obsolète → 410;0
/actualites/category/studio-shooting/;/;410;obsolète → 410;0
/actualites/category/unclassified/;/;410;obsolète → 410;0
/actualites/category/videomapping-en/;/;410;obsolète → 410;0
/actualites/tag/after-movie-en/;/;410;obsolète → 410;0
/actualites/tag/architecture-en/;/;410;obsolète → 410;0
/actualites/tag/art-en/;/;410;obsolète → 410;0
/actualites/tag/building/;/;410;obsolète → 410;0
/actualites/tag/construction-en/;/;410;obsolète → 410;0
/actualites/tag/culture-en/;/;410;obsolète → 410;0
/actualites/tag/film-shooting/;/;410;obsolète → 410;0
/actualites/tag/food-industry/;/;410;obsolète → 410;0
/actualites/tag/high-tech-en/;/;410;obsolète → 410;0
/actualites/tag/history/;/;410;obsolète → 410;0
/actualites/tag/humor/;/;410;obsolète → 410;0
/actualites/tag/industry/;/;410;obsolète → 410;0
/actualites/tag/media-en/;/;410;obsolète → 410;0
/actualites/tag/nature-en/;/;410;obsolète → 410;0
/actualites/tag/real-estate/;/;410;obsolète → 410;0
/actualites/tag/salon-en/;/;410;obsolète → 410;0
/actualites/tag/services-en/;/;410;obsolète → 410;0
/actualites/tag/sport-en/;/;410;obsolète → 410;0
/actualites/tag/technical/;/;410;obsolète → 410;0
/actualites/tag/tourism/;/;410;obsolète → 410;0
/actualites/formulaire_entree/recrutement/;/;410;obsolète → 410;0
/actualites/formulaire_entree/stage/;/;410;obsolète → 410;0
/actualites/formulaire_entree/demande-de-devis-2/;/;410;obsolète → 410;0
/actualites/formulaire_entree/demande-devis-suisse/;/;410;obsolète → 410;0
/actualites/author/guillaume/;/;410;obsolète → 410;0
/actualites/;/actualites/;301;page fixe;0
/nos-competences/;/savoir-faire/;301;page fixe;0
/nos-realisations/;/realisations/;301;page fixe;0
/nos-realisations/;/realisations/;301;page fixe;0
/nos-realisations/;/realisations/;301;page fixe;0
/actualites/stann/;/realisations/stann/;301;réalisation (score 1);0
/actualites/stann/;/realisations/stann/;301;réalisation (score 1);0
/nos-realisations/serl-video-360-vr/;/realisations/serl-parc-puy-d-or-video-360-vr/;301;réalisation (score 1);0
/nos-realisations/gloupii/;/realisations/gloupii-motion-design/;301;réalisation (score 1);0
/nos-realisations/assisqual/;/realisations/assisqual-motion-design/;301;réalisation (score 1);0
/nos-realisations/alorem/;/realisations/alorem-video-produit/;301;réalisation (score 1);0
/nos-realisations/olinn-advertising-video/;/realisations/olinn-video-publicitaire/;301;réalisation (score 1);0
/nos-realisations/bbgr-360/;/realisations/bbgr-video-360-usine/;301;réalisation (score 1);0
/nos-realisations/gf-ds-family/;/realisations/gf-ds-family-video-corporate-3d-motion-design/;301;réalisation (score 1);0
/nos-realisations/abb-snk-3d-marine/;/realisations/abb-snk-animation-3d-fiction-marine/;301;réalisation (score 1);0
/nos-realisations/bbgr-360/;/realisations/bbgr-video-360-usine/;301;réalisation (score 1);0
/nos-realisations/timelapse-lacleda/;/realisations/eiffage-energie-expercite-video-3d-timelapse/;301;réalisation (score 1);0
/nos-realisations/gloupii/;/realisations/gloupii-motion-design/;301;réalisation (score 1);0
/nos-realisations/nightswapping/;/realisations/nightswapping-video-promotionnelle/;301;réalisation (score 1);0
/nos-realisations/deko-presentation-film/;/realisations/deko-film-de-presentation/;301;réalisation (score 1);0
/nos-realisations/qwartz/;/realisations/qwartz-video-de-presentation-centre-commercial/;301;réalisation (score 1);0
/nos-realisations/cpro-film-corpo/;/realisations/presentation-video-cpro-en-1-minute/;301;réalisation (score 1);0
/nos-realisations/cpro-film-corpo/;/realisations/presentation-video-cpro-en-1-minute/;301;réalisation (score 1);0
/nos-realisations/cemoi-a-360/;/realisations/cemoi-video-3d-360-vr/;301;réalisation (score 1);0
/nos-realisations/abb-snk-3d-industrie/;/realisations/sfs-menuiserie-industrie/;301;réalisation (score 1);0
/nos-realisations/opiiec/;/realisations/opiiec-motio-design-site-internet/;301;réalisation (score 1);0
/nos-realisations/alorem/;/realisations/alorem-video-produit/;301;réalisation (score 1);0
/nos-realisations/cisco-1/;/realisations/cisco-5g-motion-design-3d/;301;réalisation (score 1);0
/nos-realisations/tetro-ox/;/realisations/tetro-carre-senart-show-drone/;301;réalisation (score 1);0
/actualites/film-de-presentation-produit/;/realisations/santos-film-produit/;301;réalisation (score 1);0
/nos-realisations/lpa-50ans/;/realisations/lpa-50ans-video-anniversaire/;301;réalisation (score 1);0
/nos-realisations/sgs-protection-lab/;/realisations/sgs-protection-lab-reportage-video/;301;réalisation (score 1);0
/nos-realisations/abb-snk-3d-solaire/;/realisations/abb-snk-animation-3d-produit-solaire/;301;réalisation (score 1);0
/nos-realisations/ssp-presentation-globale/;/realisations/ssp-presentation-globale/;301;réalisation (score 1);0
/nos-realisations/spring-mapping/;/realisations/toky-video-mapping-3d/;301;réalisation (score 1);0
/nos-realisations/abb-af-contactor/;/realisations/abb-af-contactor-film-produit/;301;réalisation (score 1);0
/nos-realisations/sgs-making-of/;/realisations/sgs-reportage-making-of/;301;réalisation (score 1);0
/nos-realisations/cisco-4/;/realisations/cisco-5g-motion-design-3d/;301;réalisation (score 1);0
/nos-realisations/cera-fr/;/realisations/site-internet-cera-motion-design/;301;réalisation (score 1);0
/nos-realisations/funseaker-presentation/;/realisations/funseaker-presentation/;301;réalisation (score 1);0
/nos-realisations/sfs-ligne-de-vie/;/realisations/sfs-ligne-de-vie/;301;réalisation (score 1);0
/nos-realisations/santos-blender66/;/realisations/santos-film-produit/;301;réalisation (score 1);0
/actualites/our-latest-interviews/;/realisations/nos-dernieres-interviews/;301;réalisation (score 1);0
/actualites/corporate-film-production/;/realisations/sfs-film-corporate/;301;réalisation (score 1);0
/nos-realisations/serl-video-360-vr/;/realisations/serl-parc-puy-d-or-video-360-vr/;301;réalisation (score 1);0
/nos-realisations/cera-fr/;/realisations/site-internet-cera-motion-design/;301;réalisation (score 1);0
/nos-realisations/abb-snk-3d-marine/;/realisations/abb-snk-animation-3d-fiction-marine/;301;réalisation (score 1);0
/nos-realisations/assisqual/;/realisations/assisqual-motion-design/;301;réalisation (score 1);0
/nos-realisations/tetro-ox/;/realisations/tetro-carre-senart-show-drone/;301;réalisation (score 1);0
/nos-realisations/cemoi-at-360/;/realisations/cemoi-video-3d-360-vr/;301;réalisation (score 1);0
/nos-realisations/sgs-making-of/;/realisations/sgs-reportage-making-of/;301;réalisation (score 1);0
/nos-realisations/abb-af-contactor/;/realisations/abb-af-contactor-film-produit/;301;réalisation (score 1);0
/nos-realisations/sgs-protection-lab/;/realisations/sgs-protection-lab-reportage-video/;301;réalisation (score 1);0
/nos-realisations/nightswapping/;/realisations/nightswapping-video-promotionnelle/;301;réalisation (score 1);0
/nos-realisations/santos-film-produced/;/realisations/santos-film-produit/;301;réalisation (score 1);0
/nos-realisations/gf-ds-family/;/realisations/gf-ds-family-video-corporate-3d-motion-design/;301;réalisation (score 1);0
/nos-realisations/40-years-siparex/;/realisations/40-ans-siparex-videomapping/;301;réalisation (score 1);0
/nos-realisations/santos-blender66/;/realisations/santos-film-produit/;301;réalisation (score 1);0
/nos-realisations/bluevista-creative-la-pizza/;/realisations/bluevista-creative-video-la-pizza/;301;réalisation (score 2);0
/actualites/show-reel-motion-design/;/realisations/motion-design-sodexo/;301;réalisation (score 2);0
/nos-realisations/stann-the-business-management-application/;/realisations/stann-presentation-video-de-l-application/;301;réalisation (score 2);0
/nos-realisations/koesio-voeux-2023/;/realisations/koesio-carte-de-v-ux-video-2023/;301;réalisation (score 2);0
/actualites/bluevista-video-showreel-2020/;/realisations/bluevista-showreel-video-2020/;301;réalisation (score 2);0
/actualites/nos-dernieres-interviews/;/realisations/nos-dernieres-interviews/;301;réalisation (score 2);0
/nos-realisations/presentation-video-cpro-en-1-minute/;/realisations/presentation-video-cpro-en-1-minute/;301;réalisation (score 2);0
/actualites/360-degree-immersion-realization-pisten-bully-snow-groomer/;/realisations/pisten-bully-dameuse-video-360-vr/;301;réalisation (score 2);0
/nos-realisations/verizon-connect-video-presentation/;/realisations/verizon-connect-video-de-presentation/;301;réalisation (score 2);0
/actualites/3d-motion-design-and-mapping-in-paris-at-the-rodin-museum/;/realisations/motion-design-sodexo/;301;réalisation (score 2);0
/actualites/bluevista-creative-video-a-real-team-3-productivity/;/realisations/bluevista-creative-unicorn-team/;301;réalisation (score 2);0
/actualites/getlive-tv-3-0-la-wbe-tv-selon-bluevista/;/realisations/getlive-tv-3-0-la-wbe-tv-selon-bluevista/;301;réalisation (score 2);0
/nos-realisations/bluevista-creative-a-real-team-1-flexibility/;/realisations/bluevista-creative-unicorn-team/;301;réalisation (score 2);0
/nos-realisations/elistair-orion/;/realisations/elistair-orion-video-produit-animation-3d/;301;réalisation (score 2);0
/nos-realisations/film-corporate-gf-core/;/realisations/film-corporate-gfms-core/;301;réalisation (score 2);0
/actualites/koesio-greeting-card-2023/;/realisations/koesio-carte-de-v-ux-video-2023/;301;réalisation (score 2);0
/nos-realisations/e-xpert-solutions-at-defense/;/realisations/e-xpert-solutions-video-voeux-2022/;301;réalisation (score 2);0
/nos-realisations/koesio-greetings-2024/;/realisations/koesio-convention-2024/;301;réalisation (score 2);0
/nos-realisations/cpro-pas-besoin-den-rajouter/;/realisations/c-pro-pas-besoin-d-en-rajouter-video-publicitaire/;301;réalisation (score 2);0
/nos-realisations/mapping-toky/;/realisations/toky-video-mapping-3d/;301;réalisation (score 2);0
/nos-realisations/hitachi-triple-c/;/realisations/hitachi-triple-c-film-promo/;301;réalisation (score 2);0
/nos-realisations/hitachi-hikumo/;/realisations/hitachi-hikumo-video-tuto-3d/;301;réalisation (score 2);0
/nos-realisations/naos-contributor-interview/;/realisations/naos-interview-collaborateur/;301;réalisation (score 2);0
/nos-realisations/mapping-audi/;/realisations/video-mapping-vehicule-audi-a8/;301;réalisation (score 2);0
/actualites/bluevista-creative-video-a-real-team-2-diversity/;/realisations/bluevista-creative-unicorn-team/;301;réalisation (score 2);0
/nos-realisations/printemps-mapping/;/realisations/printemps-video-mapping/;301;réalisation (score 2);0
/nos-realisations/riso-comcolor/;/realisations/riso-comcolor-video-produit/;301;réalisation (score 2);0
/nos-realisations/tetro-deepweb/;/realisations/tetro-deepweb-clip-video-evenement/;301;réalisation (score 2);0
/actualites/artcurial-mapping-20-years/;/realisations/artcurial-video-mapping/;301;réalisation (score 2);0
/nos-realisations/wallmapping-tokys-mesaventures/;/realisations/wallmapping-les-mesaventures-de-toky-animation-3d/;301;réalisation (score 2);0
/nos-realisations/tetro-navya/;/realisations/tetro-film-presentation-vehicule-navya/;301;réalisation (score 2);0
/actualites/clip-corporate-bos-equipement/;/realisations/bos-equipement-video-corporate/;301;réalisation (score 2);0
/actualites/bluevista-video-showreel-2021/;/realisations/bluevista-showreel-video-2021/;301;réalisation (score 2);0
/nos-realisations/wall-mapping-les-mesaventures-de-toky/;/realisations/toky-video-mapping-3d/;301;réalisation (score 2);0
/nos-realisations/gf-core-corporate-film/;/realisations/film-corporate-gfms-core/;301;réalisation (score 2);0
/actualites/un-motion-design-a-lancienne-making-of/;/realisations/motion-design-sodexo/;301;réalisation (score 2);0
/nos-realisations/sfs-enveloppe-structure/;/realisations/sfs-enveloppe-structure/;301;réalisation (score 2);0
/nos-realisations/hitachi-yutaki/;/realisations/hitachi-yutaki-video-produit-3d/;301;réalisation (score 2);0
/nos-realisations/amplitude-voeux-2024/;/realisations/amplitude-carte-de-v-ux-video-2024/;301;réalisation (score 2);0
/nos-realisations/koesio-voeux-2025/;/realisations/koesio-carte-de-v-ux-video-2025/;301;réalisation (score 2);0
/nos-realisations/clasquin-convention-2024/;/realisations/koesio-convention-2024/;301;réalisation (score 2);0
/nos-realisations/e-xpert-solutions-ecd/;/realisations/e-xpert-solutions-video-voeux-2022/;301;réalisation (score 2);0
/actualites/clip-corporate-bos-equipement/;/realisations/bos-equipement-video-corporate/;301;réalisation (score 2);0
/nos-realisations/bluevista-motion-design/;/realisations/motion-design-sodexo/;301;réalisation (score 2);0
/nos-realisations/cera-innovation-agency/;/realisations/cera-agence-innovation-motion-design/;301;réalisation (score 2);0
/nos-realisations/mapping-toky/;/realisations/toky-video-mapping-3d/;301;réalisation (score 2);0
/actualites/artcurial-20ans/;/realisations/artcurial-20ans/;301;réalisation (score 2);0
/actualites/realisation-de-3-clips-produit-en-studio-pour-la-societe-riso/;/realisations/riso-comcolor-video-produit/;301;réalisation (score 2);0
/nos-realisations/motion-design-veama/;/realisations/motion-design-sodexo/;301;réalisation (score 2);0
/nos-realisations/sfs-menuiserie-industrie/;/realisations/sfs-menuiserie-industrie/;301;réalisation (score 2);0
/actualites/bluevista-creative-video-a-real-team-1-flexibility-video/;/realisations/bluevista-creative-unicorn-team/;301;réalisation (score 2);0
/nos-realisations/tetro-avenue-83/;/realisations/tetro-avenue-83-after-movie-event/;301;réalisation (score 2);0
/nos-realisations/amplitude-greetings-2018/;/realisations/amplitude-carte-de-voeux-video-2018/;301;réalisation (score 2);0
/actualites/mecenat-club-lyon-la-duchere/;/realisations/lyon-la-duchere-arbre-de-noel/;301;réalisation (score 2);0
/actualites/tournage-en-studio-film-produit-santos/;/realisations/santos-film-produit/;301;réalisation (score 2);0
/nos-realisations/santos-film-produit/;/realisations/santos-film-produit/;301;réalisation (score 2);0
/nos-realisations/e-xpert-solutions-ecd/;/realisations/e-xpert-solutions-video-voeux-2022/;301;réalisation (score 2);0
/actualites/studio-shooting-santos-film/;/realisations/santos-blender-66-presentation-video-studio/;301;réalisation (score 2);0
/nos-realisations/naos-contributor-interview-2/;/realisations/naos-interview-collaborateur/;301;réalisation (score 2);0
/nos-realisations/bluevista-creative-a-real-team-3-productivity/;/realisations/bluevista-creative-unicorn-team/;301;réalisation (score 2);0
/nos-realisations/bluevista-creative-la-pizza/;/realisations/bluevista-creative-video-la-pizza/;301;réalisation (score 2);0
/actualites/show-reel-videos-drone/;/realisations/tetro-carre-senart-show-drone/;301;réalisation (score 2);0
/actualites/equita-lyon-2019-daily-news/;/realisations/equita-lyon-dailynews-video-2022/;301;réalisation (score 2);0
/nos-realisations/convention-huawei/;/realisations/convention-huawei-video-event/;301;réalisation (score 2);0
/nos-realisations/koesio-voeux-2022/;/realisations/koesio-carte-de-v-ux-video-2022/;301;réalisation (score 2);0
/actualites/motion-design-pedagogique/;/realisations/motion-design-sodexo/;301;réalisation (score 2);0
/actualites/film-dentreprise-video-15-ans-dexperience/;/realisations/film-dentreprise-video-15-ans-dexperience/;301;réalisation (score 2);0
/actualites/bluevista-creative-la-pizza/;/realisations/bluevista-creative-video-la-pizza/;301;réalisation (score 2);0
/nos-realisations/bluevista-showreel-2021/;/realisations/bluevista-showreel-video-2021/;301;réalisation (score 2);0
/nos-realisations/tetro-navya/;/realisations/tetro-film-presentation-vehicule-navya/;301;réalisation (score 2);0
/nos-realisations/bluevista-showreel-2023/;/realisations/bluevista-showreel-video-2023/;301;réalisation (score 2);0
/nos-realisations/bluevista-showreel-2024/;/realisations/bluevista-showreel-2024/;301;réalisation (score 2);0
/actualites/bluevista-video-showreel-2023/;/realisations/bluevista-showreel-video-2023/;301;réalisation (score 2);0
/nos-realisations/bluevista-showreel-2020/;/realisations/bluevista-showreel-video-2020/;301;réalisation (score 2);0
/actualites/timelapse-de-tournage-en-studio/;/realisations/spc-video-publicitaire-tournage-studio/;301;réalisation (score 2);0
/actualites/after-movie-fubiz-talks-2018/;/realisations/tetro-avenue-83-after-movie-event/;301;réalisation (score 2);0
/actualites/premier-vol-drone/;/realisations/premier-vol-drone/;301;réalisation (score 2);0
/nos-realisations/amplitude-voeux-2023/;/realisations/amplitude-v-ux-2023/;301;réalisation (score 2);0
/nos-realisations/showreel-2019/;/realisations/bluevista-video-showreel-2019/;301;réalisation (score 2);0
/nos-realisations/cpro-voeux-2017/;/realisations/c-pro-voeux-en-video-2017/;301;réalisation (score 2);0
/nos-realisations/uniha-voeux-2025/;/realisations/uniha-carte-de-v-ux-video-2025/;301;réalisation (score 2);0
/actualites/old-fashioned-motion-design-making-of/;/realisations/motion-design-sodexo/;301;réalisation (score 2);0
/actualites/video-and-website-funseaker-yacht/;/realisations/video-et-site-web-funseaker-yacht/;301;réalisation (score 2);0
/actualites/educational-motion-design/;/realisations/motion-design-sodexo/;301;réalisation (score 2);0
/actualites/show-reel-motion-design/;/realisations/motion-design-sodexo/;301;réalisation (score 2);0
/actualites/after-movie-fubiz-talks-2018/;/realisations/tetro-avenue-83-after-movie-event/;301;réalisation (score 2);0
/actualites/show-reel-videos-drone/;/realisations/tetro-carre-senart-show-drone/;301;réalisation (score 2);0
/actualites/bluevista-creative-la-pizza/;/realisations/bluevista-creative-video-la-pizza/;301;réalisation (score 2);0
/actualites/equita-lyon-2019-daily-news/;/realisations/equita-lyon-dailynews-video-2022/;301;réalisation (score 2);0
/actualites/sponsorship-club-lyon-la-duchere/;/realisations/lyon-la-duchere-arbre-de-noel/;301;réalisation (score 2);0
/actualites/social-wall-for-vip-area/;/realisations/social-wall-pour-espace-vip/;301;réalisation (score 2);0
/actualites/bluevista-video-showreel-2020/;/realisations/bluevista-showreel-video-2020/;301;réalisation (score 2);0
/nos-realisations/american-vintage-video-store/;/realisations/video-magasin-american-vintage/;301;réalisation (score 2);0
/nos-realisations/tetro-avenue-83/;/realisations/tetro-avenue-83-after-movie-event/;301;réalisation (score 2);0
/nos-realisations/huawei-convention/;/realisations/convention-huawei-video-event/;301;réalisation (score 2);0
/nos-realisations/tetro-deepweb/;/realisations/tetro-deepweb-clip-video-evenement/;301;réalisation (score 2);0
/nos-realisations/motion-design-veama/;/realisations/motion-design-sodexo/;301;réalisation (score 2);0
/nos-realisations/bluevista-showreel-2019/;/realisations/bluevista-video-showreel-2019/;301;réalisation (score 2);0
/nos-realisations/bluevista-showreel-2021/;/realisations/bluevista-showreel-video-2021/;301;réalisation (score 2);0
/nos-realisations/bluevista-showreel-2022/;/realisations/bluevista-showreel-2022/;301;réalisation (score 2);0
/nos-realisations/koesio-greetings-2022/;/realisations/koesio-carte-de-v-ux-video-2022/;301;réalisation (score 2);0
/nos-realisations/lyon-la-duchere-christmas-tree/;/realisations/lyon-la-duchere-arbre-de-noel/;301;réalisation (score 2);0
/nos-realisations/koesio-greetings-2023/;/realisations/koesio-carte-de-v-ux-video-2023/;301;réalisation (score 2);0
/nos-realisations/artcurial-mapping/;/realisations/artcurial-video-mapping/;301;réalisation (score 2);0
/nos-realisations/hitachi-triple-c/;/realisations/hitachi-triple-c-film-promo/;301;réalisation (score 2);0
/nos-realisations/araymond-share/;/realisations/araymond-share-motion-design-site-internet/;301;réalisation (score 2);0
/nos-realisations/cpro-1-minute-video-presentation/;/realisations/presentation-video-cpro-en-1-minute/;301;réalisation (score 2);0
/nos-realisations/neurones-it-video-greetings-2021/;/realisations/neurones-it-video-3d-voeux-2021/;301;réalisation (score 2);0
/nos-realisations/bluevista-creative-a-real-team-2-diversity/;/realisations/bluevista-creative-unicorn-team/;301;réalisation (score 2);0
/nos-realisations/bluevista-showreel-2023/;/realisations/bluevista-showreel-video-2023/;301;réalisation (score 2);0
/nos-realisations/amplitude-2023-wishes/;/realisations/amplitude-v-ux-2023/;301;réalisation (score 2);0
/nos-realisations/amplitude-greetings-2024/;/realisations/amplitude-carte-de-v-ux-video-2024/;301;réalisation (score 2);0
/nos-realisations/bluevista-creative-unicorn-team/;/realisations/bluevista-creative-unicorn-team/;301;réalisation (score 3);0
/nos-realisations/cera-agence-innovation/;/realisations/cera-agence-innovation-motion-design/;301;réalisation (score 3);0
/actualites/peninsula-octobre-rose/;/realisations/peninsula-octobre-rose/;301;réalisation (score 3);0
/actualites/equita-lyon-dailynews/;/realisations/equita-lyon-dailynews-video-2022/;301;réalisation (score 3);0
/nos-realisations/dromis-equans-ineo/;/realisations/dromis-equans-ineo-reportage-video/;301;réalisation (score 3);0
/actualites/new-hardware-motion-control-kessler/;/realisations/nouveau-materiel-motion-control-kessler/;301;réalisation (score 3);0
/actualites/santos-i-grind-the-coffee-mill/;/realisations/santos-i-grind-coffee-grinder-teaser/;301;réalisation (score 3);0
/actualites/aravi-season-2022-2023/;/realisations/aravi-saison-2022-2023-reportages-video/;301;réalisation (score 3);0
/actualites/guitare-en-scene-2023/;/realisations/guitare-en-scene-edition-2023-video-evenement/;301;réalisation (score 3);0
/nos-realisations/hitachi-film-catalogue-2021/;/realisations/hitachi-film-catalogue-2021/;301;réalisation (score 3);0
/actualites/live-video-homeserve-20ans/;/realisations/live-video-homeserve-20ans/;301;réalisation (score 3);0
/actualites/live-video-homeserve-20ans/;/realisations/live-video-homeserve-20ans/;301;réalisation (score 3);0
/nos-realisations/30-ans-bocuse-dor-tamas-szell/;/realisations/30-ans-bocuse-d-or-interview-video-tamas-szell/;301;réalisation (score 3);0
/nos-realisations/naos-interview-collaborateur-2/;/realisations/naos-interview-collaborateur/;301;réalisation (score 3);0
/nos-realisations/aravi-saison-2024/;/realisations/aravi-saison-2024-reportages-video/;301;réalisation (score 3);0
/nos-realisations/hdi-demenagement-nouvelle-tour/;/realisations/hdi-demenagement-nouvelle-tour/;301;réalisation (score 3);0
/actualites/mase-rhone-alpes-motions/;/realisations/mase-rhone-alpes-motion-design/;301;réalisation (score 3);0
/actualites/bluevista-creative-unicorn-team/;/realisations/bluevista-creative-unicorn-team/;301;réalisation (score 3);0
/actualites/serie-de-6-videos-promotionnelles-pour-les-produits-abb-snk/;/realisations/serie-de-6-videos-promotionnelles-pour-les-produits-abb-snk/;301;réalisation (score 3);0
/nos-realisations/irisolaris-presentation-groupe-2024/;/realisations/irisolaris-presentation-groupe-2024/;301;réalisation (score 3);0
/nos-realisations/arrow-abox-memo/;/realisations/arrow-abox-memo-animation-3d/;301;réalisation (score 3);0
/actualites/la-realite-virtuelle-oculus-a-bluevista/;/realisations/la-realite-virtuelle-oculus-a-bluevista/;301;réalisation (score 3);0
/nos-realisations/motion-design-sodexo/;/realisations/motion-design-sodexo/;301;réalisation (score 3);0
/nos-realisations/mase-motion-design/;/realisations/mase-rhone-alpes-motion-design/;301;réalisation (score 3);0
/nos-realisations/tetro-carre-senart/;/realisations/tetro-carre-senart-show-drone/;301;réalisation (score 3);0
/nos-realisations/naos-interview-collaborateur/;/realisations/naos-interview-collaborateur/;301;réalisation (score 3);0
/nos-realisations/tetro-carre-senart/;/realisations/tetro-carre-senart-show-drone/;301;réalisation (score 3);0
/nos-realisations/neurones-it-video-voeux-2021/;/realisations/neurones-it-video-3d-voeux-2021/;301;réalisation (score 3);0
/nos-realisations/time-lapse-la-cleda/;/realisations/time-lapse-la-cleda/;301;réalisation (score 3);0
/nos-realisations/waygoo-motion-design/;/realisations/waygoo-motion-design/;301;réalisation (score 3);0
/nos-realisations/amplitude-voeux-2018/;/realisations/amplitude-carte-de-voeux-video-2018/;301;réalisation (score 3);0
/actualites/bluevista-creative-unicorn-team/;/realisations/bluevista-creative-unicorn-team/;301;réalisation (score 3);0
/nos-realisations/motion-design-sodexo/;/realisations/motion-design-sodexo/;301;réalisation (score 3);0
/nos-realisations/e-xpert-solutions-devsecops/;/realisations/e-xpert-solutions-devsecops-pub-decalee/;301;réalisation (score 3);0
/nos-realisations/video-magasin-american-vintage/;/realisations/video-magasin-american-vintage/;301;réalisation (score 3);0
/nos-realisations/bluevista-creative-unicorn-team/;/realisations/bluevista-creative-unicorn-team/;301;réalisation (score 3);0
/nos-realisations/servier-cancer-colorectal/;/realisations/servier-film-prevention-cancer-colorectal/;301;réalisation (score 3);0
/actualites/filming-in-preparation-in-the-vercors-regional-nature-park/;/realisations/un-tournage-en-preparation-dans-le-parc-naturel-regional-du-vercors/;301;réalisation (score 3);0
/nos-realisations/e-xpert-solutions-devsecops/;/realisations/e-xpert-solutions-devsecops-pub-decalee/;301;réalisation (score 3);0
/actualites/social-wall-pour-espace-vip/;/realisations/social-wall-pour-espace-vip/;301;réalisation (score 3);0
/actualites/guitare-en-scene-2022/;/realisations/guitare-en-scene-edition-2022-reportage-video-event/;301;réalisation (score 3);0
/actualites/video-et-site-web-funseaker-yacht/;/realisations/video-et-site-web-funseaker-yacht/;301;réalisation (score 3);0
/nos-realisations/tetro-fubiztalks-2017/;/realisations/tetro-aftermovie-fubiztalks-2017/;301;réalisation (score 3);0
/nos-realisations/equita-lyon-dailynews/;/realisations/equita-lyon-dailynews-video-2022/;301;réalisation (score 3);0
/nos-realisations/mapping-bocuse-dor-2013/;/realisations/video-mapping-bocuse-d-or-2013/;301;réalisation (score 3);0
/actualites/guitare-en-scene-2022/;/realisations/guitare-en-scene-edition-2022-reportage-video-event/;301;réalisation (score 3);0
/actualites/immersive-semi-transparent-projection-for-building-inauguration/;/realisations/projection-semi-transparente-immersive-pour-linauguration-dun-batiment/;301;réalisation (score 3);0
/actualites/equita-lyon-dailynews/;/realisations/equita-lyon-dailynews-video-2022/;301;réalisation (score 3);0
/nos-realisations/waygoo-motion-design/;/realisations/waygoo-motion-design/;301;réalisation (score 3);0
/nos-realisations/tetro-fubiztalks-2017/;/realisations/tetro-aftermovie-fubiztalks-2017/;301;réalisation (score 3);0
/nos-realisations/aravi-season-2022-2023/;/realisations/aravi-saison-2022-2023-reportages-video/;301;réalisation (score 3);0
/nos-realisations/mapping-bocuse-dor-2013/;/realisations/video-mapping-bocuse-d-or-2013/;301;réalisation (score 3);0
/nos-realisations/30-years-bocuse-dor-tamas-szell/;/realisations/30-ans-bocuse-d-or-interview-video-tamas-szell/;301;réalisation (score 3);0
/nos-realisations/cisco-motion-design-5g/;/realisations/cisco-5g-motion-design-3d/;301;réalisation (score 3);0
/nos-realisations/e-xpert-solutions-atdefense/;/realisations/e-xpert-solutions-atdefense-video-pub-fiction-humour/;301;réalisation (score 3);0
/nos-realisations/servier-colorectal-cancer/;/realisations/servier-film-prevention-cancer-colorectal/;301;réalisation (score 3);0
/actualites/aravi-saison-2022-2023/;/realisations/aravi-saison-2022-2023-reportages-video/;301;réalisation (score 4);0
/nos-realisations/bluevista-creative-un-monde-virtuel-1-la-moto/;/realisations/bluevista-creative-un-monde-virtuel-1-la-moto/;301;réalisation (score 4);0
/nos-realisations/bluevista-creative-une-vraie-equipe-1-la-flexibilite/;/realisations/bluevista-creative-une-vraie-equipe-1-la-flexibilite/;301;réalisation (score 4);0
/nos-realisations/guitare-en-scene-edition-2023/;/realisations/guitare-en-scene-edition-2023-video-evenement/;301;réalisation (score 4);0
/nos-realisations/tetro-stalactite-light-show/;/realisations/tetro-stalactite-light-show-video/;301;réalisation (score 4);0
/nos-realisations/guitare-en-scene-edition-2024/;/realisations/guitare-en-scene-edition-2024-video-evenement/;301;réalisation (score 4);0
/actualites/bluevista-creative-video-un-monde-virtuel-1-la-moto/;/realisations/bluevista-creative-un-monde-virtuel-1-la-moto/;301;réalisation (score 4);0
/actualites/sport-boules-16th-emile-terrier-trophy/;/realisations/sport-boules-16eme-trophee-emile-terrier/;301;réalisation (score 4);0
/nos-realisations/cisco-motion-design-video-platform/;/realisations/cisco-video-platform-animation-3d-motion-design/;301;réalisation (score 4);0
/nos-realisations/aravi-saison-2022-2023/;/realisations/aravi-saison-2022-2023-reportages-video/;301;réalisation (score 4);0
/actualites/bluevista-creative-video-une-vraie-equipe-3-la-productivite/;/realisations/bluevista-creative-une-vraie-equipe-3-la-productivite/;301;réalisation (score 4);0
/nos-realisations/tetro-fete-des-lumieres-2021/;/realisations/tetro-video-fete-des-lumieres-lyon-2021/;301;réalisation (score 4);0
/nos-realisations/icsi-briefing-debriefing-minute-darret-2/;/realisations/icsi-briefing-debriefing-minute-d-arret/;301;réalisation (score 4);0
/actualites/technical-3d-animation-explaining-the-renovation-work-on-the-grande-arche-de-la-defense/;/realisations/animation-3d-grande-arche-de-la-defense/;301;réalisation (score 4);0
/nos-realisations/bluevista-creative-une-vraie-equipe-3-la-productivite/;/realisations/bluevista-creative-une-vraie-equipe-3-la-productivite/;301;réalisation (score 4);0
/nos-realisations/tetro-fete-des-lumieres-2022/;/realisations/tetro-video-fete-des-lumieres-lyon-2022/;301;réalisation (score 4);0
/nos-realisations/tetro-fete-des-lumieres-2022/;/realisations/tetro-video-fete-des-lumieres-lyon-2022/;301;réalisation (score 4);0
/nos-realisations/icsi-briefing-debriefing-minute-darret/;/realisations/icsi-briefing-debriefing-minute-d-arret/;301;réalisation (score 4);0
/nos-realisations/lyon-la-duchere-arbre-de-noel/;/realisations/lyon-la-duchere-arbre-de-noel/;301;réalisation (score 4);0
/nos-realisations/e-xpert-solutions-zero-trust/;/realisations/e-xpert-solutions-zero-trust-video-publicitaire-fiction/;301;réalisation (score 4);0
/nos-realisations/icsi-briefing-debriefing-minute-darret-3/;/realisations/icsi-briefing-debriefing-minute-d-arret/;301;réalisation (score 4);0
/nos-realisations/tetro-grand-hotel-dieu/;/realisations/tetro-grand-hotel-dieu-video-event/;301;réalisation (score 4);0
/nos-realisations/bluevista-creative-une-vraie-equipe-2-la-diversite/;/realisations/bluevista-creative-une-vraie-equipe-2-la-diversite/;301;réalisation (score 4);0
/actualites/bluevista-creative-video-une-vraie-equipe-2-la-diversite/;/realisations/bluevista-creative-une-vraie-equipe-2-la-diversite/;301;réalisation (score 4);0
/actualites/bluevista-creative-video-une-vraie-equipe-1-la-flexibilite/;/realisations/bluevista-creative-une-vraie-equipe-1-la-flexibilite/;301;réalisation (score 4);0
/nos-realisations/e-xpert-solutions-aftermovie-ecd-2022/;/realisations/e-xpert-solutions-aftermovie-ecd-2022/;301;réalisation (score 4);0
/nos-realisations/e-xpert-solutions-zero-trust/;/realisations/e-xpert-solutions-zero-trust-video-publicitaire-fiction/;301;réalisation (score 4);0
/nos-realisations/guitare-en-scene-edition-2022/;/realisations/guitare-en-scene-edition-2022-reportage-video-event/;301;réalisation (score 4);0
/nos-realisations/e-xpert-solutions-voeux-2022/;/realisations/e-xpert-solutions-video-voeux-2022/;301;réalisation (score 4);0
/nos-realisations/e-xpert-solutions-aftermovie-ecd-2023/;/realisations/e-xpert-solutions-aftermovie-ecd-2023/;301;réalisation (score 4);0
/nos-realisations/gl-events-equita-lyon-dailynews-2022/;/realisations/equita-lyon-dailynews-video-2022/;301;réalisation (score 4);0
/nos-realisations/e-xpert-solutions-aftermovie-ecd-2022/;/realisations/e-xpert-solutions-aftermovie-ecd-2022/;301;réalisation (score 4);0
/nos-realisations/guitare-en-scene-2022-edition/;/realisations/guitare-en-scene-edition-2022-reportage-video-event/;301;réalisation (score 4);0
/nos-realisations/e-xpert-solutions-voeux-2022/;/realisations/e-xpert-solutions-video-voeux-2022/;301;réalisation (score 4);0
/nos-realisations/e-xpert-solutions-aftermovie-ecd-2023/;/realisations/e-xpert-solutions-aftermovie-ecd-2023/;301;réalisation (score 4);0
/nos-realisations/guitare-en-scene-edition-2023/;/realisations/guitare-en-scene-edition-2023-video-evenement/;301;réalisation (score 4);0
/nos-realisations/icsi-briefing-debriefing-minute-darret-2/;/realisations/icsi-briefing-debriefing-minute-d-arret/;301;réalisation (score 4);0
/nos-realisations/icsi-briefing-debriefing-minute-darret-3/;/realisations/icsi-briefing-debriefing-minute-d-arret/;301;réalisation (score 4);0
/nos-realisations/pnr-vercors-les-chemins-de-la-liberte-the-carteaux-hut/;/realisations/pnr-vercors-les-chemins-de-la-liberte-la-cabane-des-carteaux/;301;réalisation (score 4);0
/actualites/decouvrez-notre-nouvelle-bande-demo-3d/;/realisations/decouvrez-notre-nouvelle-bande-demo-3d/;301;réalisation (score 5);0
/actualites/nouveau-materiel-motion-control-kessler/;/realisations/nouveau-materiel-motion-control-kessler/;301;réalisation (score 5);0
/nos-realisations/clip-report-massy-grand-ouest/;/realisations/clip-report-event-massy-grand-ouest/;301;réalisation (score 5);0
/nos-realisations/mase-rhone-alpes-motion-design/;/realisations/mase-rhone-alpes-motion-design/;301;réalisation (score 5);0
/actualites/streaming-live-et-webtv-demo-2018/;/realisations/streaming-live-et-webtv-demo-2018/;301;réalisation (score 5);0
/nos-realisations/clip-report-massy-grand-ouest/;/realisations/clip-report-event-massy-grand-ouest/;301;réalisation (score 5);0
/nos-realisations/santos-i-grind-coffee-grinder-reveal/;/realisations/santos-i-grind-coffee-grinder-reveal/;301;réalisation (score 5);0
/actualites/streaming-live-and-webtv-demo-2018/;/realisations/streaming-live-et-webtv-demo-2018/;301;réalisation (score 5);0
/nos-realisations/pnr-vercors-les-chemins-de-la-liberte-la-cabane-des-carteaux/;/realisations/pnr-vercors-les-chemins-de-la-liberte-la-cabane-des-carteaux/;301;réalisation (score 5);0
/nos-realisations/santos-i-grind-coffee-grinder-teaser/;/realisations/santos-i-grind-coffee-grinder-teaser/;301;réalisation (score 5);0
/nos-realisations/gl-events-equita-lyon-dailynews-2023/;/realisations/gl-events-equita-lyon-dailynews-2023/;301;réalisation (score 5);0
/nos-realisations/gl-events-equita-lyon-dailynews-2024/;/realisations/gl-events-equita-lyon-dailynews-2024/;301;réalisation (score 5);0
/nos-realisations/santos-i-grind-coffee-grinder-teaser/;/realisations/santos-i-grind-coffee-grinder-teaser/;301;réalisation (score 5);0
/nos-realisations/gl-events-equita-lyon-dailynews-2023/;/realisations/gl-events-equita-lyon-dailynews-2023/;301;réalisation (score 5);0
/actualites/sport-boules-16eme-trophee-emile-terrier/;/realisations/sport-boules-16eme-trophee-emile-terrier/;301;réalisation (score 6);0
/actualites/projection-semi-transparente-immersive-pour-linauguration-dun-batiment/;/realisations/projection-semi-transparente-immersive-pour-linauguration-dun-batiment/;301;réalisation (score 6);0
/actualites/un-tournage-en-preparation-dans-le-parc-naturel-regional-du-vercors/;/realisations/un-tournage-en-preparation-dans-le-parc-naturel-regional-du-vercors/;301;réalisation (score 7);0
/nos-realisations/gf-gs/;⚠️ À RATTACHER À LA MAIN;301;sans cible — a du trafic;0
/actualites/bluevista-creative-video-a-virtual-world-1-motorcycles/;⚠️ À RATTACHER À LA MAIN;301;sans cible — a du trafic;0
/nos-realisations/abb-snk-3d-solar/;⚠️ À RATTACHER À LA MAIN;301;sans cible — a du trafic;0
/actualites/realisation-de-film-dentreprise-ou-corporate/;⚠️ À RATTACHER À LA MAIN;301;sans cible — a du trafic;0
/actualites/50-years-of-lpa-a-lyonnaise-story/;⚠️ À RATTACHER À LA MAIN;301;sans cible — a du trafic;0
/nos-realisations/cpro-no-need-to-add-more/;⚠️ À RATTACHER À LA MAIN;301;sans cible — a du trafic;0
/actualites/360-video-production-project/;⚠️ À RATTACHER À LA MAIN;301;sans cible — a du trafic;0
/actualites/peninsula-pink-october/;⚠️ À RATTACHER À LA MAIN;301;sans cible — a du trafic;0
/nos-realisations/sfs-intec/;⚠️ À RATTACHER À LA MAIN;301;sans cible — a du trafic;0
/nos-realisations/hdi-moving-to-the-new-tower/;⚠️ À RATTACHER À LA MAIN;301;sans cible — a du trafic;0
/nos-realisations/ghi/;⚠️ À RATTACHER À LA MAIN;301;sans cible — a du trafic;0
/nos-realisations/we-see-big/;⚠️ À RATTACHER À LA MAIN;301;sans cible — a du trafic;0
/actualites/3d-animation-hitachi-csnet-manager-product/;⚠️ À RATTACHER À LA MAIN;301;sans cible — a du trafic;0
/nos-realisations/spc/;⚠️ À RATTACHER À LA MAIN;301;sans cible — a du trafic;0
/nos-realisations/mlt-superscrew/;⚠️ À RATTACHER À LA MAIN;301;sans cible — a du trafic;0
/actualites/timelapse-of-studio-shooting/;⚠️ À RATTACHER À LA MAIN;301;sans cible — a du trafic;0
/nos-realisations/ghi/;⚠️ À RATTACHER À LA MAIN;301;sans cible — a du trafic;0
/actualites/printemps-lyon-brand-change/;⚠️ À RATTACHER À LA MAIN;301;sans cible — a du trafic;0
/nos-realisations/sfs-intec/;⚠️ À RATTACHER À LA MAIN;301;sans cible — a du trafic;0
/nos-realisations/bos/;⚠️ À RATTACHER À LA MAIN;301;sans cible — a du trafic;0
/nos-realisations/we-see-big/;⚠️ À RATTACHER À LA MAIN;301;sans cible — a du trafic;0
/actualites/product-presentation-film/;/realisations/;301;sans cible, sans trafic → index;0
/actualites/video-greeting-card/;/realisations/;301;sans cible, sans trafic → index;0
/actualites/discover-our-new-3d-demo-reel/;/realisations/;301;sans cible, sans trafic → index;0
/actualites/production-of-3-in-studio-clips-for-riso/;/realisations/;301;sans cible, sans trafic → index;0
/actualites/oculus-virtual-reality-at-bluevista/;/realisations/;301;sans cible, sans trafic → index;0
/actualites/vercors-the-paths-of-freedom/;/realisations/;301;sans cible, sans trafic → index;0
/actualites/corporate-film-video-15-years-of-experience/;/realisations/;301;sans cible, sans trafic → index;0
/actualites/our-first-drone-flight-was-in-2012/;/realisations/;301;sans cible, sans trafic → index;0
/actualites/series-of-6-promotional-videos-for-abb-snk-products/;/realisations/;301;sans cible, sans trafic → index;0
/nos-realisations/lpa-50-years/;/realisations/;301;sans cible, sans trafic → index;0
/nos-realisations/spring-new-identity/;/realisations/;301;sans cible, sans trafic → index;0
/nos-realisations/cpro-greetings-2017/;/realisations/;301;sans cible, sans trafic → index;0
/nos-realisations/abb-snk-3d-industry/;/realisations/;301;sans cible, sans trafic → index;0
/nos-realisations/gf-cs/;/realisations/;301;sans cible, sans trafic → index;0
/nos-realisations/bluevista-creative-a-virtual-world-1-motorcycles/;/realisations/;301;sans cible, sans trafic → index;0
/nos-realisations/mlt-superscrew/;/realisations/;301;sans cible, sans trafic → index;0
/nos-realisations/sfs-lifeline/;/realisations/;301;sans cible, sans trafic → index;0
/actualites/tag/creation-ch/;(bluevista.ch — chantier séparé);—;suisse, hors périmètre;0
/actualites/category/animation_3d-ch/;(bluevista.ch — chantier séparé);—;suisse, hors périmètre;0
/actualites/category/reportage-ch/;(bluevista.ch — chantier séparé);—;suisse, hors périmètre;0
/nos-realisations/elistair-orion/;(bluevista.ch — chantier séparé);—;suisse, hors périmètre;0
/actualites/category/tournage-studio-ch/;(bluevista.ch — chantier séparé);—;suisse, hors périmètre;0
/actualites/category/videomapping-ch/;(bluevista.ch — chantier séparé);—;suisse, hors périmètre;0
/nos-realisations/cpro-film-corpo/;(bluevista.ch — chantier séparé);—;suisse, hors périmètre;0
/nos-realisations/wall-mapping-les-mesaventures-de-toky/;(bluevista.ch — chantier séparé);—;suisse, hors périmètre;0
/actualites/tag/technique-ch/;(bluevista.ch — chantier séparé);—;suisse, hors périmètre;0
/actualites/category/video-360-vr-ch/;(bluevista.ch — chantier séparé);—;suisse, hors périmètre;0
/actualites/tag/site-ch/;(bluevista.ch — chantier séparé);—;suisse, hors périmètre;0
/video-publicitaire/;(bluevista.ch — chantier séparé);—;suisse, hors périmètre;0
/nos-realisations/e-xpert-solutions-aftermovie-ecd-2023/;(bluevista.ch — chantier séparé);—;suisse, hors périmètre;0
/nos-realisations/amplitude-voeux-2018/;(bluevista.ch — chantier séparé);—;suisse, hors périmètre;0
/nos-realisations/abb-snk-3d-marine/;(bluevista.ch — chantier séparé);—;suisse, hors périmètre;0
/actualites/category/interview-ch/;(bluevista.ch — chantier séparé);—;suisse, hors périmètre;0
/actualites/tag/services-ch/;(bluevista.ch — chantier séparé);—;suisse, hors périmètre;0
/merci-demande/;(bluevista.ch — chantier séparé);—;suisse, hors périmètre;0
/merci-demande-recrutement/;(bluevista.ch — chantier séparé);—;suisse, hors périmètre;0
/merci-demande-stage/;(bluevista.ch — chantier séparé);—;suisse, hors périmètre;0
/realisation-film-lancement-produit/;(bluevista.ch — chantier séparé);—;suisse, hors périmètre;0
/realisation-de-film-banques-assurances/;(bluevista.ch — chantier séparé);—;suisse, hors périmètre;0
/realisation-de-film-evenements/;(bluevista.ch — chantier séparé);—;suisse, hors périmètre;0
/realisation-film-sante/;(bluevista.ch — chantier séparé);—;suisse, hors périmètre;0
/realisation-film-territoires/;(bluevista.ch — chantier séparé);—;suisse, hors périmètre;0
/realisation-film-industrie/;(bluevista.ch — chantier séparé);—;suisse, hors périmètre;0
/realisation-film-construction-immobiliere/;(bluevista.ch — chantier séparé);—;suisse, hors périmètre;0
/realisation-film-immobilier-real-estate/;(bluevista.ch — chantier séparé);—;suisse, hors périmètre;0
/realisation-film-evenementiel/;(bluevista.ch — chantier séparé);—;suisse, hors périmètre;0
/realisation-film-automotive/;(bluevista.ch — chantier séparé);—;suisse, hors périmètre;0
/video-promotionnelle/;(bluevista.ch — chantier séparé);—;suisse, hors périmètre;0
/actualites/show-reel-videos-drone/;(bluevista.ch — chantier séparé);—;suisse, hors périmètre;0
/actualites/timelapse-de-tournage-en-studio/;(bluevista.ch — chantier séparé);—;suisse, hors périmètre;0
/actualites/animation-3d-grande-arche-de-la-defense/;(bluevista.ch — chantier séparé);—;suisse, hors périmètre;0
/actualites/motion-design-pedagogique/;(bluevista.ch — chantier séparé);—;suisse, hors périmètre;0
/actualites/show-reel-motion-design/;(bluevista.ch — chantier séparé);—;suisse, hors périmètre;0
/actualites/decouvrez-notre-nouvelle-bande-demo-3d/;(bluevista.ch — chantier séparé);—;suisse, hors périmètre;0
/actualites/social-wall-pour-espace-vip/;(bluevista.ch — chantier séparé);—;suisse, hors périmètre;0
/actualites/showroom-virtuel-gf-machining-solutions/;(bluevista.ch — chantier séparé);—;suisse, hors périmètre;0
/actualites/motion-design-3d-et-mapping-a-paris-au-musee-rodin/;(bluevista.ch — chantier séparé);—;suisse, hors périmètre;0
/actualites/koesio-carte-de-voeux-2023/;(bluevista.ch — chantier séparé);—;suisse, hors périmètre;0
/actualites/realisation-de-film-dentreprise-ou-corporate/;(bluevista.ch — chantier séparé);—;suisse, hors périmètre;0
/actualites/nouveau-materiel-motion-control-kessler/;(bluevista.ch — chantier séparé);—;suisse, hors périmètre;0
/actualites/film-dentreprise-video-15-ans-dexperience/;(bluevista.ch — chantier séparé);—;suisse, hors périmètre;0
/actualites/realisation-immersion-360-degres-dameuse-pisten-bully/;(bluevista.ch — chantier séparé);—;suisse, hors périmètre;0
/actualites/clip-corporate-bos-equipement/;(bluevista.ch — chantier séparé);—;suisse, hors périmètre;0
/actualites/carte-de-voeux-video/;(bluevista.ch — chantier séparé);—;suisse, hors périmètre;0
/actualites/premier-vol-drone/;(bluevista.ch — chantier séparé);—;suisse, hors périmètre;0
/actualites/projet-de-realisation-video-360/;(bluevista.ch — chantier séparé);—;suisse, hors périmètre;0
/actualites/bluevista-video-showreel-2021/;(bluevista.ch — chantier séparé);—;suisse, hors périmètre;0
/actualites/realisation-de-3-clips-produit-en-studio-pour-la-societe-riso/;(bluevista.ch — chantier séparé);—;suisse, hors périmètre;0
/actualites/un-motion-design-a-lancienne-making-of/;(bluevista.ch — chantier séparé);—;suisse, hors périmètre;0
/actualites/video-et-site-web-funseaker-yacht/;(bluevista.ch — chantier séparé);—;suisse, hors périmètre;0
/actualites/projection-semi-transparente-immersive-pour-linauguration-dun-batiment/;(bluevista.ch — chantier séparé);—;suisse, hors périmètre;0
/actualites/nos-dernieres-interviews/;(bluevista.ch — chantier séparé);—;suisse, hors périmètre;0
/actualites/serie-de-6-videos-promotionnelles-pour-les-produits-abb-snk/;(bluevista.ch — chantier séparé);—;suisse, hors périmètre;0
/actualites/tournage-en-studio-film-produit-santos/;(bluevista.ch — chantier séparé);—;suisse, hors périmètre;0
/actualites/streaming-live-et-webtv-demo-2018/;(bluevista.ch — chantier séparé);—;suisse, hors périmètre;0
/actualites/animation-3d-produit-hitachi-csnet-manager/;(bluevista.ch — chantier séparé);—;suisse, hors périmètre;0
/actualites/bluevista-video-showreel-2020/;(bluevista.ch — chantier séparé);—;suisse, hors périmètre;0
/actualites/film-de-presentation-produit/;(bluevista.ch — chantier séparé);—;suisse, hors périmètre;0
/actualites/la-realite-virtuelle-oculus-a-bluevista/;(bluevista.ch — chantier séparé);—;suisse, hors périmètre;0
/actualites/video-immersive-360/;(bluevista.ch — chantier séparé);—;suisse, hors périmètre;0
/actualites/bluevista-video-showreel-2023/;(bluevista.ch — chantier séparé);—;suisse, hors périmètre;0
/nos-realisations/amplitude-voeux-2023/;(bluevista.ch — chantier séparé);—;suisse, hors périmètre;0
/nos-realisations/koesio-voeux-2024/;(bluevista.ch — chantier séparé);—;suisse, hors périmètre;0
/nos-realisations/amplitude-voeux-2024/;(bluevista.ch — chantier séparé);—;suisse, hors périmètre;0
/nos-realisations/guitare-en-scene-edition-2023/;(bluevista.ch — chantier séparé);—;suisse, hors périmètre;0
/nos-realisations/servier-cancer-colorectal/;(bluevista.ch — chantier séparé);—;suisse, hors périmètre;0
/nos-realisations/mlt-superscrew/;(bluevista.ch — chantier séparé);—;suisse, hors périmètre;0
/nos-realisations/e-xpert-solutions-aftermovie-ecd-2022/;(bluevista.ch — chantier séparé);—;suisse, hors périmètre;0
/nos-realisations/e-xpert-solutions-at-defense/;(bluevista.ch — chantier séparé);—;suisse, hors périmètre;0
/nos-realisations/e-xpert-solutions-ecd/;(bluevista.ch — chantier séparé);—;suisse, hors périmètre;0
/nos-realisations/e-xpert-solutions-devsecops/;(bluevista.ch — chantier séparé);—;suisse, hors périmètre;0
/nos-realisations/e-xpert-solutions-zero-trust/;(bluevista.ch — chantier séparé);—;suisse, hors périmètre;0
/nos-realisations/guitare-en-scene-edition-2022/;(bluevista.ch — chantier séparé);—;suisse, hors périmètre;0
/nos-realisations/bluevista-showreel-2023/;(bluevista.ch — chantier séparé);—;suisse, hors périmètre;0
/nos-realisations/e-xpert-solutions-voeux-2022/;(bluevista.ch — chantier séparé);—;suisse, hors périmètre;0
/nos-realisations/santos-blender66/;(bluevista.ch — chantier séparé);—;suisse, hors périmètre;0
/nos-realisations/neurones-it-video-voeux-2021/;(bluevista.ch — chantier séparé);—;suisse, hors périmètre;0
/nos-realisations/verizon-connect-video-de-presentation/;(bluevista.ch — chantier séparé);—;suisse, hors périmètre;0
/nos-realisations/bluevista-creative-un-monde-virtuel-1-la-moto/;(bluevista.ch — chantier séparé);—;suisse, hors périmètre;0
/nos-realisations/bluevista-creative-unicorn-team/;(bluevista.ch — chantier séparé);—;suisse, hors périmètre;0
/nos-realisations/bluevista-creative-une-vraie-equipe-3-la-productivite/;(bluevista.ch — chantier séparé);—;suisse, hors périmètre;0
/nos-realisations/bluevista-creative-une-vraie-equipe-2-la-diversite/;(bluevista.ch — chantier séparé);—;suisse, hors périmètre;0
/nos-realisations/bluevista-creative-une-vraie-equipe-1-la-flexibilite/;(bluevista.ch — chantier séparé);—;suisse, hors périmètre;0
/nos-realisations/bluevista-creative-la-pizza/;(bluevista.ch — chantier séparé);—;suisse, hors périmètre;0
/nos-realisations/santos-film-produit/;(bluevista.ch — chantier séparé);—;suisse, hors périmètre;0
/nos-realisations/presentation-video-cpro-en-1-minute/;(bluevista.ch — chantier séparé);—;suisse, hors périmètre;0
/nos-realisations/tetro-stalactite-light-show/;(bluevista.ch — chantier séparé);—;suisse, hors périmètre;0
/nos-realisations/gf-ds-family/;(bluevista.ch — chantier séparé);—;suisse, hors périmètre;0
/nos-realisations/40-ans-siparex/;(bluevista.ch — chantier séparé);—;suisse, hors périmètre;0
/nos-realisations/mapping-toky/;(bluevista.ch — chantier séparé);—;suisse, hors périmètre;0
/nos-realisations/eiffage-energie-expercite/;(bluevista.ch — chantier séparé);—;suisse, hors périmètre;0
/nos-realisations/amplitude-amplivision/;(bluevista.ch — chantier séparé);—;suisse, hors périmètre;0
/nos-realisations/gloupii/;(bluevista.ch — chantier séparé);—;suisse, hors périmètre;0
/nos-realisations/spc/;(bluevista.ch — chantier séparé);—;suisse, hors périmètre;0
/nos-realisations/mapping-bocuse-dor-2013/;(bluevista.ch — chantier séparé);—;suisse, hors périmètre;0
/nos-realisations/30-ans-bocuse-dor-tamas-szell/;(bluevista.ch — chantier séparé);—;suisse, hors périmètre;0
/nos-realisations/cemoi-a-360/;(bluevista.ch — chantier séparé);—;suisse, hors périmètre;0
/nos-realisations/hitachi-triple-c/;(bluevista.ch — chantier séparé);—;suisse, hors périmètre;0
/nos-realisations/hitachi-cs-net/;(bluevista.ch — chantier séparé);—;suisse, hors périmètre;0
/nos-realisations/pisten-bully-dameuse-360-vr/;(bluevista.ch — chantier séparé);—;suisse, hors périmètre;0
/nos-realisations/cisco-4/;(bluevista.ch — chantier séparé);—;suisse, hors périmètre;0
/nos-realisations/film-corporate-gf-core/;(bluevista.ch — chantier séparé);—;suisse, hors périmètre;0
/nos-realisations/cisco-1/;(bluevista.ch — chantier séparé);—;suisse, hors périmètre;0
/nos-realisations/gf-gs/;(bluevista.ch — chantier séparé);—;suisse, hors périmètre;0
/nos-realisations/araymond-share/;(bluevista.ch — chantier séparé);—;suisse, hors périmètre;0
/nos-realisations/arrow-abox-memo/;(bluevista.ch — chantier séparé);—;suisse, hors périmètre;0
/nos-realisations/sgs-making-of/;(bluevista.ch — chantier séparé);—;suisse, hors périmètre;0
/nos-realisations/abb-af-contactor/;(bluevista.ch — chantier séparé);—;suisse, hors périmètre;0
/nos-realisations/we-see-big/;(bluevista.ch — chantier séparé);—;suisse, hors périmètre;0
/nos-realisations/sgs-protection-lab/;(bluevista.ch — chantier séparé);—;suisse, hors périmètre;0
/nos-realisations/nightswapping/;(bluevista.ch — chantier séparé);—;suisse, hors périmètre;0
/nos-realisations/mapping-audi/;(bluevista.ch — chantier séparé);—;suisse, hors périmètre;0
/nos-realisations/motion-design-sodexo/;(bluevista.ch — chantier séparé);—;suisse, hors périmètre;0
/nos-realisations/cpro-pas-besoin-den-rajouter/;(bluevista.ch — chantier séparé);—;suisse, hors périmètre;0
/nos-realisations/alorem/;(bluevista.ch — chantier séparé);—;suisse, hors périmètre;0
/nos-realisations/opiiec/;(bluevista.ch — chantier séparé);—;suisse, hors périmètre;0
/nos-realisations/tetro-ox/;(bluevista.ch — chantier séparé);—;suisse, hors périmètre;0
/nos-realisations/naos-interview-collaborateur-2/;(bluevista.ch — chantier séparé);—;suisse, hors périmètre;0
/nos-realisations/assisqual/;(bluevista.ch — chantier séparé);—;suisse, hors périmètre;0
/nos-realisations/cera-agence-innovation/;(bluevista.ch — chantier séparé);—;suisse, hors périmètre;0
/nos-realisations/naos-interview-collaborateur/;(bluevista.ch — chantier séparé);—;suisse, hors périmètre;0
/nos-realisations/bbgr-360/;(bluevista.ch — chantier séparé);—;suisse, hors périmètre;0
/nos-realisations/ghi/;(bluevista.ch — chantier séparé);—;suisse, hors périmètre;0
/nos-realisations/abb-snk-3d-industrie/;(bluevista.ch — chantier séparé);—;suisse, hors périmètre;0
/nos-realisations/abb-snk-3d-solaire/;(bluevista.ch — chantier séparé);—;suisse, hors périmètre;0
/nos-realisations/cpro-voeux-2017/;(bluevista.ch — chantier séparé);—;suisse, hors périmètre;0
/actualites/category/corporate-ch/;(bluevista.ch — chantier séparé);—;suisse, hors périmètre;0
/actualites/category/motion_design-ch/;(bluevista.ch — chantier séparé);—;suisse, hors périmètre;0
/actualites/category/non-classifiee/;(bluevista.ch — chantier séparé);—;suisse, hors périmètre;0
/actualites/category/publicite-ch/;(bluevista.ch — chantier séparé);—;suisse, hors périmètre;0
/actualites/category/video-live-ch/;(bluevista.ch — chantier séparé);—;suisse, hors périmètre;0
/actualites/category/video-panoramique-ch/;(bluevista.ch — chantier séparé);—;suisse, hors périmètre;0
/actualites/tag/after-movie-ch/;(bluevista.ch — chantier séparé);—;suisse, hors périmètre;0
/actualites/tag/agroalimentaire-ch/;(bluevista.ch — chantier séparé);—;suisse, hors périmètre;0
/actualites/tag/architecture-ch/;(bluevista.ch — chantier séparé);—;suisse, hors périmètre;0
/actualites/tag/art-ch/;(bluevista.ch — chantier séparé);—;suisse, hors périmètre;0
/actualites/tag/automobile-ch/;(bluevista.ch — chantier séparé);—;suisse, hors périmètre;0
/actualites/tag/banque-assurance-ch/;(bluevista.ch — chantier séparé);—;suisse, hors périmètre;0
/actualites/tag/batiment-ch/;(bluevista.ch — chantier séparé);—;suisse, hors périmètre;0
/actualites/tag/borne-interactive-ch/;(bluevista.ch — chantier séparé);—;suisse, hors périmètre;0
/actualites/tag/commerce-ch/;(bluevista.ch — chantier séparé);—;suisse, hors périmètre;0
/actualites/tag/construction-ch/;(bluevista.ch — chantier séparé);—;suisse, hors périmètre;0
/actualites/tag/culture-ch/;(bluevista.ch — chantier séparé);—;suisse, hors périmètre;0
/actualites/tag/event-ch/;(bluevista.ch — chantier séparé);—;suisse, hors périmètre;0
/actualites/tag/fabrication-decors-ch/;(bluevista.ch — chantier séparé);—;suisse, hors périmètre;0
/actualites/tag/high-tech-ch/;(bluevista.ch — chantier séparé);—;suisse, hors périmètre;0
/actualites/tag/histoire-ch/;(bluevista.ch — chantier séparé);—;suisse, hors périmètre;0
/actualites/tag/humour-ch/;(bluevista.ch — chantier séparé);—;suisse, hors périmètre;0
/actualites/tag/industrie-ch/;(bluevista.ch — chantier séparé);—;suisse, hors périmètre;0
/actualites/tag/media-ch/;(bluevista.ch — chantier séparé);—;suisse, hors périmètre;0
/actualites/tag/nature-ch/;(bluevista.ch — chantier séparé);—;suisse, hors périmètre;0
/actualites/tag/pharmaceutique-ch/;(bluevista.ch — chantier séparé);—;suisse, hors périmètre;0
/actualites/tag/rh-ch/;(bluevista.ch — chantier séparé);—;suisse, hors périmètre;0
/actualites/tag/salon-ch/;(bluevista.ch — chantier séparé);—;suisse, hors périmètre;0
/actualites/tag/social-wall-ch/;(bluevista.ch — chantier séparé);—;suisse, hors périmètre;0
/actualites/tag/streaming-ch/;(bluevista.ch — chantier séparé);—;suisse, hors périmètre;0
/actualites/tag/technologie-ch/;(bluevista.ch — chantier séparé);—;suisse, hors périmètre;0
/actualites/tag/tourisme-ch/;(bluevista.ch — chantier séparé);—;suisse, hors périmètre;0
/actualites/tag/tournage-film-ch/;(bluevista.ch — chantier séparé);—;suisse, hors périmètre;0
/actualites/tag/transport-ch/;(bluevista.ch — chantier séparé);—;suisse, hors périmètre;0
/actualites/tag/video-interactive-ch/;(bluevista.ch — chantier séparé);—;suisse, hors périmètre;0
/actualites/formulaire_entree/recrutement/;(bluevista.ch — chantier séparé);—;suisse, hors périmètre;0
/actualites/formulaire_entree/stage/;(bluevista.ch — chantier séparé);—;suisse, hors périmètre;0
/actualites/formulaire_entree/demande-de-devis-2/;(bluevista.ch — chantier séparé);—;suisse, hors périmètre;0
/actualites/formulaire_entree/demande-devis-suisse/;(bluevista.ch — chantier séparé);—;suisse, hors périmètre;0
/actualites/author/guillaume/;(bluevista.ch — chantier séparé);—;suisse, hors périmètre;0
