identifiant_vimeo;url_vimeo;titre_vimeo;duree;etat_vimeo;nb_actualites;actualites;titre_de_la_1re_actualite;date_de_la_1re_actualite;slug_livid;url_livid;embed_actif;introuvable
391522027;https://vimeo.com/391522027;bluevista | Showreel 2020;1:20;public;2;bluevista-video-showreel-2020 | film-dentreprise-video-15-ans-dexperience;Bluevista vidéo Showreel 2020;2020-02-18;;;;
125736086;https://vimeo.com/125736086;Clip Corporate BOS Equipement 2015;1:45;public;2;clip-corporate-bos-equipement | film-dentreprise-video-15-ans-dexperience;Clip Corporate BOS Equipement;2015-04-23;;;;
273331886;https://vimeo.com/273331886;;;public;2;film-de-presentation-produit | stann;Film de présentation produit;2018-12-03;;;;
307515377;https://vimeo.com/307515377;bluevista | Live streaming 2018;0:46;public;2;live-video-homeserve-20ans | streaming-live-et-webtv-demo-2018;Live Vidéo HomeServe – 20ans;2021-06-01;;;;
345493886;https://vimeo.com/345493886;LPA - 50ans;5:44;public;1;50ans-de-lpa-une-histoire-lyonnaise;50ans de LPA, une histoire Lyonnaise;2019-10-24;;;;
298596928;https://vimeo.com/298596928;Clip report Fubiz Talks 2018;3:00;public;1;after-movie-fubiz-talks-2018;After Movie Fubiz Talks 2018;2018-11-07;;;;
276234551;https://vimeo.com/276234551;HITACHI - CSNet manager;2:35;public;1;animation-3d-produit-hitachi-csnet-manager;Animation 3D produit HITACHI CSNet manager;2018-10-31;;;;
851622826;https://vimeo.com/851622826;ARAVI - Castellet - Highlight - J2 - 2023;2:19;public;1;aravi-saison-2022-2023;ARAVI – Saison 2022/2023;2023-12-04;;;;
780750761;https://vimeo.com/780750761;ARTCURIAL - Mapping 20 ans;3:45;public;1;artcurial-20ans;Artcurial : Mapping 20ans;2024-01-01;;;;
405034733;https://vimeo.com/405034733;ICSI - BARPI - Film Accident - Sans Pastille;16:43;public;1;barpi-prevention-accidents;BARPI : Prévention d’accidents industriels;2024-01-29;;;;
547858356;https://vimeo.com/547858356;ICSI - BARPI - Fuite de CVM Gazeux;14:50;public;1;barpi-prevention-accidents;BARPI : Prévention d’accidents industriels;2024-01-29;;;;
413621353;https://vimeo.com/413621353;"bluevista creative | ""La Pizza""";0:41;public;1;bluevista-creative-la-pizza;bluevista creative | « La Pizza »;2020-05-05;;;;
425805139;https://vimeo.com/425805139;"bluevista creative | ""Unicorn Team""";1:24;public;1;bluevista-creative-unicorn-team;bluevista creative | « Unicorn Team »;2020-06-04;;;;
431503714;https://vimeo.com/431503714;"bluevista creative | ""Un monde virtuel #1 : la moto""";0:57;public;1;bluevista-creative-video-un-monde-virtuel-1-la-moto;bluevista creative | vidéo « Un monde virtuel #1 : la moto »;2020-06-25;;;;
417642640;https://vimeo.com/417642640;"bluevista creative | ""Une vraie équipe #1 - la flexibilité""";0:41;public;1;bluevista-creative-video-une-vraie-equipe-1-la-flexibilite;bluevista creative | vidéo « Une vraie équipe #1 – la flexibilité »;2020-05-14;;;;
417642483;https://vimeo.com/417642483;"bluevista creative | ""Une vraie équipe #2 - la diversité""";0:45;public;1;bluevista-creative-video-une-vraie-equipe-2-la-diversite;bluevista creative | vidéo « Une vraie équipe #2 – la diversité »;2020-05-21;;;;
417642356;https://vimeo.com/417642356;"bluevista creative | ""Une vraie équipe #3 - la productivité""";0:44;public;1;bluevista-creative-video-une-vraie-equipe-3-la-productivite;bluevista creative | vidéo « Une vraie équipe #3 – la productivité »;2020-05-28;;;;
917510239;https://vimeo.com/917510239;bluevista | Le Motion-design chez bluevista;0:49;public;1;bluevista-le-motion-design;bluevista – Le motion design, c’est quoi ?;2024-03-05;;;;
551841042;https://vimeo.com/551841042;;;public;1;bluevista-video-showreel-2021;Bluevista vidéo Showreel 2021;2021-02-18;;;;
808253368;https://vimeo.com/808253368;bluevista | Showreel 2023;1:58;public;1;bluevista-video-showreel-2023;Bluevista vidéo Showreel 2023;2023-11-13;;;;
273313919;https://vimeo.com/273313919;AMPLITUDE - Voeux 2018 version EN;2:07;public;1;carte-de-voeux-video;Carte de voeux vidéo;2018-11-26;;;;
273324669;https://vimeo.com/273324669;CPRO Voeux 2017;1:35;public;1;carte-de-voeux-video;Carte de voeux vidéo;2018-11-26;;;;
301877424;https://vimeo.com/301877424;bluevista | Showreel animation 3D;1:01;public;1;decouvrez-notre-nouvelle-bande-demo-3d;Découvrez notre nouvelle bande démo 3D;2018-12-12;;;;
375622738;https://vimeo.com/375622738;GL_EVENTS - EQUITA - Dailynews - Jour5;1:42;public;1;equita-lyon-2019-daily-news;Equita Lyon 2019 – daily news;2019-11-26;;;;
375622318;https://vimeo.com/375622318;GL_EVENTS - EQUITA - Daylynews - Jour2;1:51;public;1;equita-lyon-dailynews;Equita Lyon : Dailynews;2023-12-18;;;;
301829836;https://vimeo.com/301829836;SANTOS : Moulin à café;1:45;public;1;film-de-presentation-produit;Film de présentation produit;2018-12-03;;;;
301829876;https://vimeo.com/301829876;SANTOS : Centrifugeuse;2:51;public;1;film-de-presentation-produit;Film de présentation produit;2018-12-03;;;;
126715306;https://vimeo.com/126715306;C'PRO Groupe - film corporate;1:22;public;1;film-dentreprise-video-15-ans-dexperience;Film d’entreprise – vidéo 15 ans d’expérience;2020-03-25;;;;
126850012;https://vimeo.com/126850012;Amplitude corporate -- WIP;2:10;public;1;film-dentreprise-video-15-ans-dexperience;Film d’entreprise – vidéo 15 ans d’expérience;2020-03-25;;;;
742948824;https://vimeo.com/742948824;Guitare En Scène - 2022 - AFTERMOVIE;18:33;public;1;guitare-en-scene-2022;Guitare en Scène 2022;2023-06-29;;;;
875544870;https://vimeo.com/875544870;Guitare En Scène - GES 2023 - Aftermovie 5min;5:07;public;1;guitare-en-scene-2023;Guitare en Scène 2023;2023-11-20;;;;
371351938;https://vimeo.com/371351938;TETRO - Intercontinental Lyon - Mapping Dome;2:55;public;1;inauguration-intercontinental-lyon-grand-hotel-dieu;Inauguration InterContinental Lyon – Grand Hôtel-Dieu;2019-11-26;;;;
371351851;https://vimeo.com/371351851;;;public;1;inauguration-intercontinental-lyon-grand-hotel-dieu;Inauguration InterContinental Lyon – Grand Hôtel-Dieu;2019-11-26;;;;
875627824;https://vimeo.com/875627824;KOESIO - Carte de voeux 2023;2:39;public;1;koesio-carte-de-voeux-2023;Koesio – Carte de voeux 2023;2023-10-30;;;;
742265993;https://vimeo.com/742265993;PRINTEMPS - Mapping Festival;2:09;public;1;mapping-printemps-lyon;Printemps Lyon : Changement de marque;2022-08-24;;;;
877031725;https://vimeo.com/877031725;MASE - Meuleuse;2:48;public;1;mase-4-motions;MASE Rhône Alpes : Motions;2024-01-22;;;;
877031650;https://vimeo.com/877031650;MASE - MAD;3:36;public;1;mase-4-motions;MASE Rhône Alpes : Motions;2024-01-22;;;;
249080529;https://vimeo.com/249080529;VideoMapping 40 ans SIPAREX;5:04;public;1;motion-design-3d-et-mapping-a-paris-au-musee-rodin;Motion design 3D et mapping à Paris au Musée Rodin;2019-02-05;;;;
307702034;https://vimeo.com/307702034;Waygoo - motion design;1:49;public;1;motion-design-pedagogique;Motion Design pédagogique;2019-03-01;;;;
298198261;https://vimeo.com/298198261;;;public;1;motion-design-pedagogique;Motion Design pédagogique;2019-03-01;;;;
276247419;https://vimeo.com/276247419;CISCO - 5G;1:52;public;1;motion-design-pedagogique;Motion Design pédagogique;2019-03-01;;;;
276255160;https://vimeo.com/276255160;;;public;1;nos-dernieres-interviews;Nos dernières interviews;2018-12-17;;;;
276252940;https://vimeo.com/276252940;30 ans Bocuse d’Or - Régis Marcon;3:22;public;1;nos-dernieres-interviews;Nos dernières interviews;2018-12-17;;;;
108357892;https://vimeo.com/108357892;Second Shooter Tutorial;9:41;public;1;nouveau-materiel-motion-control-kessler;Nouveau matériel – Motion control Kessler;2015-05-04;;;;
125745231;https://vimeo.com/125745231;Inauguration Mountain Store Quechua / Simond / Wed'ze pour Ores Group;3:39;public;1;projection-semi-transparente-immersive-pour-linauguration-dun-batiment;Projection semi-transparente immersive pour l’inauguration d’un bâtiment;2014-12-07;;;;
126716619;https://vimeo.com/126716619;RISO Perfect Binder - video demo;1:15;public;1;realisation-de-3-clips-produit-en-studio-pour-la-societe-riso;Réalisation de 3 clips produit en studio pour la société RISO;2015-05-12;;;;
126716617;https://vimeo.com/126716617;RISO ComColor - video demo;1:40;public;1;realisation-de-3-clips-produit-en-studio-pour-la-societe-riso;Réalisation de 3 clips produit en studio pour la société RISO;2015-05-12;;;;
126716618;https://vimeo.com/126716618;RISO Wrapping Envelope Finisher - video demo;1:19;public;1;realisation-de-3-clips-produit-en-studio-pour-la-societe-riso;Réalisation de 3 clips produit en studio pour la société RISO;2015-05-12;;;;
240379088;https://vimeo.com/240379088;1611-MAAT_PHARMA-ALX-V7-Complet.mp4;3:48;public;1;realisation-de-film-dentreprise-ou-corporate;Réalisation de film d’entreprise ou corporate;2018-11-20;;;;
298213852;https://vimeo.com/298213852;Carso - Version Anglaise;4:48;public;1;realisation-de-film-dentreprise-ou-corporate;Réalisation de film d’entreprise ou corporate;2018-11-20;;;;
249078214;https://vimeo.com/249078214;;;public;1;realisation-de-film-dentreprise-ou-corporate;Réalisation de film d’entreprise ou corporate;2018-11-20;;;;
875510106;https://vimeo.com/875510106;SANTOS - I-GRIND Coffee Grinder - Reveal;1:02;public;1;santos-i-grind;SANTOS I-GRIND : Le Moulin à Café;2023-11-06;;;;
301837506;https://vimeo.com/301837506;bluevista | Showreel Motion Design;1:00;public;1;show-reel-motion-design;Show reel Motion Design;2018-11-29;;;;
298970623;https://vimeo.com/298970623;bluevista | Showreel Drone 2018;0:54;public;1;show-reel-videos-drone;Show reel vidéos drone;2018-11-22;;;;
875599603;https://vimeo.com/875599603;Trophée Émile Terrier - ET 2023 - Film Complet;29:53;public;1;sport-boules-16eme-trophee-emile-terrier;Sport Boules : 16ème Trophée Émile Terrier;2023-11-27;;;;
745758314;https://vimeo.com/745758314;STANN Film Presentation;3:12;public;1;stann;STANN.;2024-02-05;;;;
126692875;https://vimeo.com/126692875;Instants de tournage;0:41;public;1;timelapse-de-tournage-en-studio;Timelapse de tournage en studio;2015-05-02;;;;
398565590;https://vimeo.com/398565590;SANTOS Centrifugeuse #65;2:26;public;1;tournage-en-studio-film-produit-santos;Tournage en studio – Film produit Santos;2020-03-18;;;;
125745232;https://vimeo.com/125745232;Making of - motion design vintage;0:42;public;1;un-motion-design-a-lancienne-making-of;Un motion design « à l’ancienne » – Making of;2014-07-19;;;;
875506441;https://vimeo.com/875506441;;;privée ou supprimée;1;vercors-les-chemins-de-la-liberte;VERCORS : LES CHEMINS DE LA LIBERTE;2023-12-11;;;;
249078324;https://vimeo.com/249078324;Bluevista 360 / VR reel;2:19;public;1;video-immersive-360;Vidéo immersive 360°;2014-02-01;;;;
293100860;https://vimeo.com/293100860;;;public;1;video-immersive-360;Vidéo immersive 360°;2014-02-01;;;;
216161170;https://vimeo.com/216161170;;;public;1;video-immersive-360;Vidéo immersive 360°;2014-02-01;;;;
276250997;https://vimeo.com/276250997;Pisten Bully - VR Mountain Planet;2:01;public;1;video-immersive-360;Vidéo immersive 360°;2014-02-01;;;;
276232570;https://vimeo.com/276232570;CEMOI - grands crus cacao VR;1:38;public;1;video-immersive-360;Vidéo immersive 360°;2014-02-01;;;;
381529486;https://vimeo.com/381529486;VideoMapping - Intercontinental Grand Hôtel Dieu;2:55;public;1;video-mapping-lyon-intercontinental-grand-hotel-dieu;Vidéo mapping Lyon – InterContinental Grand Hôtel Dieu;2019-12-26;;;;
