page;query;clics;impressions;ctr;position
"https://en.bluevistaprod.com/";"bluevista";56;3632;1.54;5.3
"https://en.bluevistaprod.com/";"blue vista";12;525;2.29;7.4
"https://en.bluevistaprod.com/our-skills/live-streaming-webtv/";"webtv streaming";6;453;1.32;9.2
"https://en.bluevistaprod.com/";"bluevista production";5;53;9.43;1.5
"https://en.bluevistaprod.com/our-skills/live-streaming-webtv/";"webtv live";4;127;3.15;8.4
"https://en.bluevistaprod.com/nos-realisations/hitachi-cs-net/";"hitachi animation";2;189;1.06;7.7
"https://en.bluevistaprod.com/";"bluevista.tv";1;25;4.00;7.5
"https://en.bluevistaprod.com/actualites/barpi-industrial-accident-prevention/";"barpi";1;3806;0.03;6.7
"https://en.bluevistaprod.com/actualites/getlive-tv-3-0-wbe-tv-according-to-bluevista/";"bluevista tv";1;5;20.00;9.0
"https://en.bluevistaprod.com/nos-realisations/amplitude-amplivision/";"amplivision";1;240;0.42;5.2
"https://en.bluevistaprod.com/nos-realisations/eiffage-energie-expercite/";"expercite";1;22;4.55;4.8
"https://en.bluevistaprod.com/nos-realisations/opiiec/";"opiiec";1;3;33.33;3.3
"https://en.bluevistaprod.com/nos-realisations/thx-medical-dosamat-digital-2-0/";"dosamat";1;88;1.14;5.3
"https://en.bluevistaprod.com/our-skills/live-streaming-webtv/";"web.tv online";1;1;100.00;89.0
"https://en.bluevistaprod.com/";"bloviste";0;1;0.00;1.0
"https://en.bluevistaprod.com/";"blu vista";0;2;0.00;1.0
"https://en.bluevistaprod.com/";"blu3 vista";0;1;0.00;4.0
"https://en.bluevistaprod.com/";"blu3 vista game";0;6;0.00;7.3
"https://en.bluevistaprod.com/";"blue carrot video production";0;3;0.00;41.3
"https://en.bluevistaprod.com/";"blue net vista inc";0;1;0.00;24.0
"https://en.bluevistaprod.com/";"blue vist";0;2;0.00;2.5
"https://en.bluevistaprod.com/";"blue vista chicago";0;3;0.00;10.7
"https://en.bluevistaprod.com/";"blue vista company";0;3;0.00;4.0
"https://en.bluevistaprod.com/";"blue vista game";0;1;0.00;8.0
"https://en.bluevistaprod.com/";"blue vista latest";0;28;0.00;13.7
"https://en.bluevistaprod.com/";"blue vista official website";0;1;0.00;1.0
"https://en.bluevistaprod.com/";"blue vista photos";0;11;0.00;3.2
"https://en.bluevistaprod.com/";"blue vistas";0;1;0.00;93.0
"https://en.bluevistaprod.com/";"bluefield production house";0;1;0.00;48.0
"https://en.bluevistaprod.com/";"bluevista tv";0;5;0.00;6.6
"https://en.bluevistaprod.com/";"blurvista";0;5;0.00;2.4
"https://en.bluevistaprod.com/";"bluvista";0;33;0.00;15.7
"https://en.bluevistaprod.com/";"bluvista tv";0;5;0.00;18.8
"https://en.bluevistaprod.com/";"bluvista.de";0;48;0.00;8.2
"https://en.bluevistaprod.com/";"bluvista.tv";0;9;0.00;9.4
"https://en.bluevistaprod.com/";"buevista";0;4;0.00;4.3
"https://en.bluevistaprod.com/";"corporate video lyon";0;1;0.00;80.0
"https://en.bluevistaprod.com/";"geneva video production";0;154;0.00;66.4
"https://en.bluevistaprod.com/";"local guide program";0;18;0.00;1.0
"https://en.bluevistaprod.com/";"pour vista";0;3;0.00;44.3
"https://en.bluevistaprod.com/";"studio animation suisse";0;1;0.00;3.0
"https://en.bluevistaprod.com/";"supervista";0;3;0.00;42.3
"https://en.bluevistaprod.com/";"the blue vista";0;1;0.00;1.0
"https://en.bluevistaprod.com/";"tube vista";0;1;0.00;37.0
"https://en.bluevistaprod.com/";"tubevista";0;12;0.00;11.0
"https://en.bluevistaprod.com/";"video agency paris";0;1;0.00;5.0
"https://en.bluevistaprod.com/";"video companies orlando";0;1;0.00;20.0
"https://en.bluevistaprod.com/";"video production agency geneva";0;23;0.00;47.3
"https://en.bluevistaprod.com/";"video production geneva";0;37;0.00;66.4
"https://en.bluevistaprod.com/";"video studio geneva";0;4;0.00;69.0
"https://en.bluevistaprod.com/";"video vista";0;1;0.00;4.0
"https://en.bluevistaprod.com/";"vista blue photos";0;1;0.00;5.0
"https://en.bluevistaprod.com/";"vista production";0;2;0.00;1.5
"https://en.bluevistaprod.com/";"vistaprod";0;3;0.00;5.3
"https://en.bluevistaprod.com/";"vistaprod.com";0;16;0.00;29.7
"https://en.bluevistaprod.com/";"vistaprod.net";0;27;0.00;30.5
"https://en.bluevistaprod.com/";"www.bluvista.tv";0;1;0.00;11.0
"https://en.bluevistaprod.com/3d-animation-studio-in-lyon/";"animation 3d lyon";0;2;0.00;23.0
"https://en.bluevistaprod.com/3d-animation-studio-in-lyon/";"studio 3d lyon";0;1;0.00;7.0
"https://en.bluevistaprod.com/3d-animation-studio-in-lyon/";"studio animation 3d lyon";0;4;0.00;5.8
"https://en.bluevistaprod.com/3d-animation-studio-in-lyon/";"studio d'animation lyon";0;2;0.00;6.0
"https://en.bluevistaprod.com/3d-animation-studio-in-paris/";"3d animasjon studio";0;1;0.00;80.0
"https://en.bluevistaprod.com/3d-animation-studio-in-paris/";"3d animation agency";0;1;0.00;7.0
"https://en.bluevistaprod.com/3d-animation-studio-in-paris/";"3d animation studio";0;191;0.00;20.3
"https://en.bluevistaprod.com/3d-animation-studio-in-paris/";"3d animation studio europe";0;5;0.00;76.8
"https://en.bluevistaprod.com/3d-animation-studio-in-paris/";"3d animation studios";0;1;0.00;64.0
"https://en.bluevistaprod.com/3d-animation-studio-in-paris/";"3d technical animation company";0;5;0.00;30.6
"https://en.bluevistaprod.com/3d-animation-studio-in-paris/";"animation 3d lyon";0;1;0.00;82.0
"https://en.bluevistaprod.com/3d-animation-studio-in-paris/";"animation 3d paris";0;4;0.00;17.3
"https://en.bluevistaprod.com/3d-animation-studio-in-paris/";"animation paris";0;1;0.00;69.0
"https://en.bluevistaprod.com/3d-animation-studio-in-paris/";"animation studio lyon";0;1;0.00;187.0
"https://en.bluevistaprod.com/3d-animation-studio-in-paris/";"animation studio paris";0;36;0.00;40.1
"https://en.bluevistaprod.com/3d-animation-studio-in-paris/";"animation studios in paris";0;7;0.00;43.3
"https://en.bluevistaprod.com/3d-animation-studio-in-paris/";"animation studios paris";0;16;0.00;36.4
"https://en.bluevistaprod.com/3d-animation-studio-in-paris/";"paris animation studio";0;5;0.00;35.6
"https://en.bluevistaprod.com/3d-animation-studio-in-paris/";"paris animation studios";0;8;0.00;54.9
"https://en.bluevistaprod.com/3d-animation-studio-in-paris/";"stills and live-action production company paris";0;12;0.00;53.9
"https://en.bluevistaprod.com/3d-animation-studio-in-paris/";"studio 3d paris";0;75;0.00;19.5
"https://en.bluevistaprod.com/3d-animation-studio-in-paris/";"studio animation 3d france";0;4;0.00;67.3
"https://en.bluevistaprod.com/3d-animation-studio-in-paris/";"studio animation 3d paris";0;85;0.00;16.1
"https://en.bluevistaprod.com/3d-animation-studio-in-paris/";"studio animation paris";0;55;0.00;62.1
"https://en.bluevistaprod.com/3d-animation-studio-in-paris/";"studio motion 3d paris";0;6;0.00;68.0
"https://en.bluevistaprod.com/3d-animation-studio-in-paris/";"studios animation paris";0;11;0.00;61.5
"https://en.bluevistaprod.com/actualites/360-degree-immersion-realization-pisten-bully-snow-groomer/";"pisten heads";0;1;0.00;47.0
"https://en.bluevistaprod.com/actualites/360-degree-immersion-realization-pisten-bully-snow-groomer/";"vistaprod.com";0;1;0.00;50.0
"https://en.bluevistaprod.com/actualites/360-immersive-video/";"360 immersive video";0;40;0.00;43.0
"https://en.bluevistaprod.com/actualites/360-immersive-video/";"immersive 3d video";0;1;0.00;76.0
"https://en.bluevistaprod.com/actualites/3d-motion-design-and-mapping-in-paris-at-the-rodin-museum/";"video mapping paris";0;4;0.00;50.5
"https://en.bluevistaprod.com/actualites/3d-motion-design-and-mapping-in-paris-at-the-rodin-museum/";"vistaprod.com";0;1;0.00;90.0
"https://en.bluevistaprod.com/actualites/aravi-season-2022-2023/";"aravi racing";0;3;0.00;7.0
"https://en.bluevistaprod.com/actualites/barpi-industrial-accident-prevention/";"барпи";0;8;0.00;8.4
"https://en.bluevistaprod.com/actualites/barpi-industrial-accident-prevention/";"ბარპი";0;7;0.00;9.1
"https://en.bluevistaprod.com/actualites/bluevista-creative-video-a-real-team-3-productivity/";"bluevista";0;8;0.00;3.1
"https://en.bluevistaprod.com/actualites/bluevista-creative-video-a-real-team-3-productivity/";"realteam3";0;1;0.00;17.0
"https://en.bluevistaprod.com/actualites/bluevista-creative-video-a-real-team-3-productivity/";"vistaprod.com";0;5;0.00;47.6
"https://en.bluevistaprod.com/actualites/bluevista-creative-video-a-virtual-world-1-motorcycles/";"bluevista";0;7;0.00;5.3
"https://en.bluevistaprod.com/actualites/bluevista-creative-video-a-virtual-world-1-motorcycles/";"vistaprod.com";0;1;0.00;44.0
"https://en.bluevistaprod.com/actualites/category/360-vr-video/";"video en 360 vr lyon";0;2;0.00;38.5
"https://en.bluevistaprod.com/actualites/category/360-vr-video/";"vistaprod.net";0;2;0.00;69.5
"https://en.bluevistaprod.com/actualites/category/corporate-en/";"homeserve lyon";0;1;0.00;48.0
"https://en.bluevistaprod.com/actualites/clip-corporate-bos-equipement/";"bos equipement";0;1;0.00;10.0
"https://en.bluevistaprod.com/actualites/clip-corporate-bos-equipement/";"bos equipement paris";0;1;0.00;34.0
"https://en.bluevistaprod.com/actualites/clip-corporate-bos-equipement/";"vistaprod.com";0;1;0.00;64.0
"https://en.bluevistaprod.com/actualites/clip-corporate-bos-equipement/";"vistaprod.net";0;2;0.00;95.5
"https://en.bluevistaprod.com/actualites/getlive-tv-3-0-wbe-tv-according-to-bluevista/";"getlive";0;1;0.00;3.0
"https://en.bluevistaprod.com/actualites/getlive-tv-3-0-wbe-tv-according-to-bluevista/";"getlovi";0;1;0.00;8.0
"https://en.bluevistaprod.com/actualites/getlive-tv-3-0-wbe-tv-according-to-bluevista/";"vistaprod.net";0;1;0.00;20.0
"https://en.bluevistaprod.com/actualites/gf-machining-solutions-virtual-showroom/";"showroom gf";0;1;0.00;5.0
"https://en.bluevistaprod.com/actualites/guitare-en-scene-2023/";"guitar en scene";0;1;0.00;48.0
"https://en.bluevistaprod.com/actualites/inauguration-intercontinental-lyon-grand-hotel-dieu/";"tetro lyon";0;1;0.00;9.0
"https://en.bluevistaprod.com/actualites/koesio-greeting-card-2023/";"koesio linkedin";0;1;0.00;42.0
"https://en.bluevistaprod.com/actualites/mase-rhone-alpes-motions/";"mase rhone alpes";0;3;0.00;7.3
"https://en.bluevistaprod.com/actualites/new-hardware-motion-control-kessler/";"kessler crane second shooter";0;1;0.00;43.0
"https://en.bluevistaprod.com/actualites/new-hardware-motion-control-kessler/";"kessler motion control";0;4;0.00;37.8
"https://en.bluevistaprod.com/actualites/stann/";"stann";0;24;0.00;16.7
"https://en.bluevistaprod.com/actualites/the-bluevista-metaverse-the-blueverse/";"blu3 vista game";0;1;0.00;5.0
"https://en.bluevistaprod.com/actualites/the-bluevista-metaverse-the-blueverse/";"blue vista game";0;8;0.00;2.5
"https://en.bluevistaprod.com/actualites/the-bluevista-metaverse-the-blueverse/";"blue vista official website";0;1;0.00;6.0
"https://en.bluevistaprod.com/actualites/the-bluevista-metaverse-the-blueverse/";"bluevista";0;4;0.00;8.8
"https://en.bluevistaprod.com/actualites/the-bluevista-metaverse-the-blueverse/";"the blueverse";0;7;0.00;10.7
"https://en.bluevistaprod.com/actualites/the-bluevista-metaverse-the-blueverse/";"vistaprod.net";0;4;0.00;14.0
"https://en.bluevistaprod.com/actualites/video-mapping-lyon-intercontinental-grand-hotel-dieu/";"video mapping lyon";0;6;0.00;10.3
"https://en.bluevistaprod.com/advertising-video/";"bluevista";0;1;0.00;22.0
"https://en.bluevistaprod.com/advertising-video/";"bluevista production";0;1;0.00;1.0
"https://en.bluevistaprod.com/advertising-video/";"bos équipement";0;1;0.00;60.0
"https://en.bluevistaprod.com/advertising-video/";"vistaprod.net";0;31;0.00;16.5
"https://en.bluevistaprod.com/contact-quotation/";"blue vista";0;6;0.00;10.0
"https://en.bluevistaprod.com/contact-quotation/";"bluevista";0;2;0.00;1.0
"https://en.bluevistaprod.com/contact-quotation/";"bluvista";0;1;0.00;78.0
"https://en.bluevistaprod.com/corporate-film-in-lyon/";"corporate film geneva";0;1;0.00;68.0
"https://en.bluevistaprod.com/corporate-film-in-lyon/";"corporate film production agency";0;2;0.00;34.0
"https://en.bluevistaprod.com/corporate-film-in-lyon/";"corporate film production switzerland";0;1;0.00;78.0
"https://en.bluevistaprod.com/corporate-film-in-lyon/";"corporate video agencies";0;39;0.00;81.6
"https://en.bluevistaprod.com/corporate-film-in-lyon/";"corporate video lyon";0;2;0.00;28.5
"https://en.bluevistaprod.com/corporate-film-in-lyon/";"film 3d lyon";0;2;0.00;60.0
"https://en.bluevistaprod.com/corporate-film-in-lyon/";"film corporate lyon";0;15;0.00;49.1
"https://en.bluevistaprod.com/corporate-film-in-lyon/";"tetro lyon";0;1;0.00;24.0
"https://en.bluevistaprod.com/corporate-film-in-lyon/";"video production lyon";0;7;0.00;21.0
"https://en.bluevistaprod.com/film-production-health/";"av production for pharma";0;25;0.00;91.5
"https://en.bluevistaprod.com/film-production-health/";"filmproduktion healthcare";0;2;0.00;24.0
"https://en.bluevistaprod.com/film-production-health/";"pharmaceutical video production";0;2;0.00;61.5
"https://en.bluevistaprod.com/film-production-industry/";"bluevista production";0;10;0.00;1.7
"https://en.bluevistaprod.com/film-production-industry/";"vistaprod.com";0;4;0.00;85.0
"https://en.bluevistaprod.com/film-production-product-launch/";"bluevista production";0;5;0.00;6.8
"https://en.bluevistaprod.com/film-production-product-launch/";"brand film production geneva";0;12;0.00;8.8
"https://en.bluevistaprod.com/film-production-product-launch/";"produkt film produktion";0;1;0.00;28.0
"https://en.bluevistaprod.com/film-production-product-launch/";"produktfilm produktion";0;3;0.00;27.7
"https://en.bluevistaprod.com/film-production-product-launch/";"video production companies for product launches";0;2;0.00;5.5
"https://en.bluevistaprod.com/film-production-product-launch/";"vistaprod.com";0;4;0.00;49.5
"https://en.bluevistaprod.com/film-production-territories/";"film territories";0;1;0.00;92.0
"https://en.bluevistaprod.com/geneva-event-video-production/";"corporate video geneva";0;1;0.00;41.0
"https://en.bluevistaprod.com/geneva-event-video-production/";"corporate videographer geneva";0;1;0.00;20.0
"https://en.bluevistaprod.com/geneva-event-video-production/";"geneva video production";0;55;0.00;33.2
"https://en.bluevistaprod.com/geneva-event-video-production/";"live event video production company in lake geneva";0;1;0.00;25.0
"https://en.bluevistaprod.com/geneva-event-video-production/";"luxury video agency geneva";0;26;0.00;6.8
"https://en.bluevistaprod.com/geneva-event-video-production/";"video agency geneva";0;23;0.00;61.4
"https://en.bluevistaprod.com/geneva-event-video-production/";"video production agency geneva";0;20;0.00;48.9
"https://en.bluevistaprod.com/geneva-event-video-production/";"video production agency in geneva";0;5;0.00;67.2
"https://en.bluevistaprod.com/geneva-event-video-production/";"video production event";0;15;0.00;11.4
"https://en.bluevistaprod.com/geneva-event-video-production/";"video production geneva";0;45;0.00;44.6
"https://en.bluevistaprod.com/geneva-event-video-production/";"video production services geneva";0;4;0.00;58.8
"https://en.bluevistaprod.com/geneva-event-video-production/";"video studio geneva";0;18;0.00;58.9
"https://en.bluevistaprod.com/geneva-event-video-production/";"videographer for small business geneva";0;3;0.00;80.7
"https://en.bluevistaprod.com/metaverse/";"3d metaverse agency";0;7;0.00;91.0
"https://en.bluevistaprod.com/metaverse/";"agence 3d lyon";0;1;0.00;72.0
"https://en.bluevistaprod.com/metaverse/";"agence metaverse";0;12;0.00;1.8
"https://en.bluevistaprod.com/metaverse/";"aventurier féminin";0;1;0.00;26.0
"https://en.bluevistaprod.com/metaverse/";"bluevista";0;1;0.00;5.0
"https://en.bluevistaprod.com/metaverse/";"bluevista production";0;4;0.00;2.5
"https://en.bluevistaprod.com/metaverse/";"vistaprod.com";0;3;0.00;64.0
"https://en.bluevistaprod.com/news/";"bluevista";0;1;0.00;9.0
"https://en.bluevistaprod.com/news/";"bluevista tv";0;2;0.00;41.0
"https://en.bluevistaprod.com/news/";"bos équipement";0;1;0.00;72.0
"https://en.bluevistaprod.com/news/";"homeserve lyon";0;1;0.00;70.0
"https://en.bluevistaprod.com/news/";"vistaprod.com";0;1;0.00;19.0
"https://en.bluevistaprod.com/news/";"vistaprod.net";0;21;0.00;38.8
"https://en.bluevistaprod.com/nos-realisations/abb-snk-3d-solar/";"8 rue abb";0;1;0.00;10.0
"https://en.bluevistaprod.com/nos-realisations/alorem/";"alorem";0;1;0.00;20.0
"https://en.bluevistaprod.com/nos-realisations/amplitude-amplivision/";"amplitude robot";0;6;0.00;7.8
"https://en.bluevistaprod.com/nos-realisations/amplitude-amplivision/";"amplitude robotics";0;23;0.00;8.6
"https://en.bluevistaprod.com/nos-realisations/amplitude-amplivision/";"amplivision amplitude surgical";0;6;0.00;7.3
"https://en.bluevistaprod.com/nos-realisations/amplitude-amplivision/";"vistaprod.com";0;4;0.00;54.5
"https://en.bluevistaprod.com/nos-realisations/arrow-abox-memo/";"vistaprod.com";0;1;0.00;85.0
"https://en.bluevistaprod.com/nos-realisations/bbgr-360/";"bbgr";0;3;0.00;20.0
"https://en.bluevistaprod.com/nos-realisations/bbgr-360/";"bbgr pro";0;1;0.00;34.0
"https://en.bluevistaprod.com/nos-realisations/bluevista-creative-a-real-team-1-flexibility/";"vistaprod.com";0;2;0.00;32.0
"https://en.bluevistaprod.com/nos-realisations/bluevista-creative-a-real-team-1-flexibility/";"vistaprod.net";0;1;0.00;72.0
"https://en.bluevistaprod.com/nos-realisations/bos/";"vistaprod.net";0;1;0.00;51.0
"https://en.bluevistaprod.com/nos-realisations/cpro-no-need-to-add-more/";"vistaprod.com";0;2;0.00;47.0
"https://en.bluevistaprod.com/nos-realisations/cpro-no-need-to-add-more/";"vistaprod.net";0;7;0.00;67.7
"https://en.bluevistaprod.com/nos-realisations/deko-presentation-film/";"deko präsentation";0;1;0.00;3.0
"https://en.bluevistaprod.com/nos-realisations/deko-presentation-film/";"film deko";0;2;0.00;4.0
"https://en.bluevistaprod.com/nos-realisations/deko-presentation-film/";"movie deko";0;1;0.00;7.0
"https://en.bluevistaprod.com/nos-realisations/deko-presentation-film/";"vistaprod.com";0;2;0.00;72.0
"https://en.bluevistaprod.com/nos-realisations/dromis-equans-ineo/";"dromis";0;21;0.00;10.5
"https://en.bluevistaprod.com/nos-realisations/e-xpert-solutions-zero-trust/";"vistaprod.com";0;2;0.00;30.5
"https://en.bluevistaprod.com/nos-realisations/e-xpert-solutions-zero-trust/";"vistaprod.net";0;4;0.00;81.3
"https://en.bluevistaprod.com/nos-realisations/eiffage-energie-expercite/";"expercité";0;2;0.00;10.5
"https://en.bluevistaprod.com/nos-realisations/eiffage-energie-expercite/";"vistaprod.net";0;1;0.00;84.0
"https://en.bluevistaprod.com/nos-realisations/elistair-orion/";"vistaprod.com";0;1;0.00;46.0
"https://en.bluevistaprod.com/nos-realisations/engie-home-services-migo-thermostat-video/";"engie thermostaat";0;2;0.00;39.0
"https://en.bluevistaprod.com/nos-realisations/engie-home-services-migo-thermostat-video/";"engie thermostat";0;6;0.00;5.0
"https://en.bluevistaprod.com/nos-realisations/engie-home-services-migo-thermostat-video/";"illigo engie";0;1;0.00;18.0
"https://en.bluevistaprod.com/nos-realisations/engie-home-services-migo-thermostat-video/";"migo thermostat";0;2;0.00;29.0
"https://en.bluevistaprod.com/nos-realisations/engie-home-services-migo-thermostat-video/";"thermostaat engie";0;3;0.00;41.7
"https://en.bluevistaprod.com/nos-realisations/engie-home-services-migo-thermostat-video/";"thermostat engie";0;5;0.00;10.0
"https://en.bluevistaprod.com/nos-realisations/engie-home-services-migo-thermostat-video/";"thermostat engie home service";0;1;0.00;4.0
"https://en.bluevistaprod.com/nos-realisations/engie-home-services-migo-thermostat-video/";"vistaprod.net";0;1;0.00;54.0
"https://en.bluevistaprod.com/nos-realisations/gf-core-corporate-film/";"corporate film geneva";0;1;0.00;47.0
"https://en.bluevistaprod.com/nos-realisations/gloupii/";"gloupii.com";0;42;0.00;3.7
"https://en.bluevistaprod.com/nos-realisations/hitachi-cs-net/";"cartoon hitachi";0;1;0.00;8.0
"https://en.bluevistaprod.com/nos-realisations/hitachi-cs-net/";"cs hitachi";0;2;0.00;6.0
"https://en.bluevistaprod.com/nos-realisations/hitachi-cs-net/";"cs net hitachi";0;1;0.00;8.0
"https://en.bluevistaprod.com/nos-realisations/hitachi-cs-net/";"cs vista";0;5;0.00;53.2
"https://en.bluevistaprod.com/nos-realisations/hitachi-cs-net/";"csnet hitachi";0;6;0.00;10.5
"https://en.bluevistaprod.com/nos-realisations/hitachi-cs-net/";"csnet lite";0;2;0.00;7.5
"https://en.bluevistaprod.com/nos-realisations/hitachi-cs-net/";"hitachi 3d";0;2;0.00;7.5
"https://en.bluevistaprod.com/nos-realisations/hitachi-cs-net/";"hitachi animation video";0;6;0.00;14.8
"https://en.bluevistaprod.com/nos-realisations/hitachi-cs-net/";"hitachi cs";0;2;0.00;34.0
"https://en.bluevistaprod.com/nos-realisations/hitachi-cs-net/";"hitachi csnet";0;9;0.00;11.0
"https://en.bluevistaprod.com/nos-realisations/hitachi-cs-net/";"hitachi csnet web";0;1;0.00;14.0
"https://en.bluevistaprod.com/nos-realisations/hitachi-cs-net/";"new hitachi the animation";0;2;0.00;7.0
"https://en.bluevistaprod.com/nos-realisations/hitachi-cs-net/";"video images";0;1;0.00;9.0
"https://en.bluevistaprod.com/nos-realisations/hitachi-cs-net/";"vistaprod.com";0;4;0.00;37.8
"https://en.bluevistaprod.com/nos-realisations/hitachi-cs-net/";"vistaprod.net";0;42;0.00;24.3
"https://en.bluevistaprod.com/nos-realisations/hitachi-cs-net/";"商業空間";0;1;0.00;13.0
"https://en.bluevistaprod.com/nos-realisations/hitachi-film-catalogue-2021/";"hitachi film";0;3;0.00;8.0
"https://en.bluevistaprod.com/nos-realisations/hitachi-hikumo/";"hikumo";0;6;0.00;9.3
"https://en.bluevistaprod.com/nos-realisations/koesio-greetings-2024/";"koesio";0;2;0.00;9.0
"https://en.bluevistaprod.com/nos-realisations/koesio-greetings-2024/";"vistaprod.com";0;2;0.00;70.5
"https://en.bluevistaprod.com/nos-realisations/koesio-greetings-2024/";"vistaprod.net";0;1;0.00;98.0
"https://en.bluevistaprod.com/nos-realisations/mase-rhone-alpes-motion-design/";"mase and motion, latest";0;2;0.00;17.0
"https://en.bluevistaprod.com/nos-realisations/mase-rhone-alpes-motion-design/";"mase in design";0;1;0.00;49.0
"https://en.bluevistaprod.com/nos-realisations/mase-rhone-alpes-motion-design/";"mase rhone alpes";0;1;0.00;2.0
"https://en.bluevistaprod.com/nos-realisations/naos-contributor-interview-2/";"naos jeans";0;1;0.00;40.0
"https://en.bluevistaprod.com/nos-realisations/olinn-advertising-video/";"olinn";0;7;0.00;3.0
"https://en.bluevistaprod.com/nos-realisations/opiiec/";"vistaprod.com";0;2;0.00;42.0
"https://en.bluevistaprod.com/nos-realisations/pisten-bully-360-vr-snowcat/";"360 snowcat";0;3;0.00;9.0
"https://en.bluevistaprod.com/nos-realisations/pisten-bully-360-vr-snowcat/";"360 the snowcat";0;41;0.00;7.0
"https://en.bluevistaprod.com/nos-realisations/pisten-bully-360-vr-snowcat/";"pisten bully";0;3;0.00;25.3
"https://en.bluevistaprod.com/nos-realisations/pisten-bully-360-vr-snowcat/";"pisten bully snowcat";0;2;0.00;27.5
"https://en.bluevistaprod.com/nos-realisations/pisten-bully-360-vr-snowcat/";"pistin bully";0;2;0.00;79.0
"https://en.bluevistaprod.com/nos-realisations/pisten-bully-360-vr-snowcat/";"vistaprod.com";0;1;0.00;48.0
"https://en.bluevistaprod.com/nos-realisations/qwartz/";"qwartz";0;10;0.00;21.2
"https://en.bluevistaprod.com/nos-realisations/radisson-360-vr/";"radisson 360";0;16;0.00;8.9
"https://en.bluevistaprod.com/nos-realisations/radisson-360-vr/";"video en 360 vr lyon";0;19;0.00;15.5
"https://en.bluevistaprod.com/nos-realisations/riso-comcolor/";"vistaprod.com";0;1;0.00;80.0
"https://en.bluevistaprod.com/nos-realisations/santos-i-grind-coffee-grinder-reveal/";"santos induction";0;1;0.00;35.0
"https://en.bluevistaprod.com/nos-realisations/santos-i-grind-coffee-grinder-reveal/";"vistaprod.com";0;4;0.00;44.5
"https://en.bluevistaprod.com/nos-realisations/santos-i-grind-coffee-grinder-reveal/";"vistaprod.net";0;4;0.00;91.3
"https://en.bluevistaprod.com/nos-realisations/spring-mapping/";"déménagement lyon paris";0;1;0.00;71.0
"https://en.bluevistaprod.com/nos-realisations/spring-mapping/";"déménager à lyon";0;1;0.00;91.0
"https://en.bluevistaprod.com/nos-realisations/stann-the-business-management-application/";"bluevista";0;3;0.00;36.7
"https://en.bluevistaprod.com/nos-realisations/stann-the-business-management-application/";"stann app";0;3;0.00;5.3
"https://en.bluevistaprod.com/nos-realisations/stann-the-business-management-application/";"vistaprod.com";0;6;0.00;49.7
"https://en.bluevistaprod.com/nos-realisations/stann-the-business-management-application/";"vistaprod.net";0;2;0.00;64.5
"https://en.bluevistaprod.com/nos-realisations/tetro-fete-des-lumieres-2021/";"tetro lyon";0;2;0.00;22.5
"https://en.bluevistaprod.com/nos-realisations/tetro-fete-des-lumieres-2022/";"tetro lyon";0;2;0.00;30.5
"https://en.bluevistaprod.com/nos-realisations/tetro-stalactite-light-show/";"tetro agency";0;1;0.00;9.0
"https://en.bluevistaprod.com/nos-realisations/tetro-stalactite-light-show/";"tetro paris";0;5;0.00;7.2
"https://en.bluevistaprod.com/nos-realisations/tetro-stalactite-light-show/";"vistaprod.com";0;2;0.00;34.0
"https://en.bluevistaprod.com/nos-realisations/tetro-stalactite-light-show/";"vistaprod.net";0;2;0.00;74.0
"https://en.bluevistaprod.com/nos-realisations/tetro-stalactite-light-show/";"クリストファー ファボン";0;2;0.00;26.5
"https://en.bluevistaprod.com/nos-realisations/thx-medical-dosamat-digital-2-0/";"dosamatic";0;1;0.00;42.0
"https://en.bluevistaprod.com/nos-realisations/thx-medical-dosamat-digital-2-0/";"dosmatix";0;19;0.00;57.3
"https://en.bluevistaprod.com/nos-realisations/thx-medical-dosamat-digital-2-0/";"thx digital";0;2;0.00;94.0
"https://en.bluevistaprod.com/nos-realisations/thx-medical-dosamat-digital-2-0/";"thx medical";0;22;0.00;5.7
"https://en.bluevistaprod.com/nos-realisations/thx-medical-dosamat-digital-2-0/";"vistaprod.com";0;7;0.00;54.1
"https://en.bluevistaprod.com/nos-realisations/time-lapse-la-cleda/";"vistaprod.com";0;1;0.00;76.0
"https://en.bluevistaprod.com/nos-realisations/verizon-connect-video-presentation/";"vistaprod.com";0;4;0.00;48.5
"https://en.bluevistaprod.com/nos-realisations/verizon-connect-video-presentation/";"vistaprod.net";0;4;0.00;75.0
"https://en.bluevistaprod.com/nos-realisations/wallmapping-tokys-mesaventures/";"tokys";0;1;0.00;25.0
"https://en.bluevistaprod.com/our-achievements/";"agorythm";0;1;0.00;31.0
"https://en.bluevistaprod.com/our-achievements/";"bluevista";0;1;0.00;1.0
"https://en.bluevistaprod.com/our-achievements/";"demenagement engie";0;1;0.00;80.0
"https://en.bluevistaprod.com/our-achievements/";"déménagement engie";0;1;0.00;66.0
"https://en.bluevistaprod.com/our-achievements/";"expercite";0;1;0.00;19.0
"https://en.bluevistaprod.com/our-achievements/";"expercité";0;2;0.00;37.0
"https://en.bluevistaprod.com/our-achievements/";"vistaprod.net";0;24;0.00;32.5
"https://en.bluevistaprod.com/our-skills/";"bluevista";0;1;0.00;27.0
"https://en.bluevistaprod.com/our-skills/3d-animation/";"3d animation video company";0;2;0.00;4.0
"https://en.bluevistaprod.com/our-skills/3d-animation/";"3d product animation agency";0;2;0.00;95.5
"https://en.bluevistaprod.com/our-skills/3d-animation/";"3d technical animation";0;3;0.00;94.7
"https://en.bluevistaprod.com/our-skills/3d-animation/";"3d technical animation company";0;3;0.00;6.7
"https://en.bluevistaprod.com/our-skills/3d-animation/";"animation 3d lyon";0;2;0.00;34.0
"https://en.bluevistaprod.com/our-skills/3d-animation/";"film 3d lyon";0;1;0.00;53.0
"https://en.bluevistaprod.com/our-skills/3d-animation/";"vista animations";0;1;0.00;62.0
"https://en.bluevistaprod.com/our-skills/aerial-video-drone/";"aerial video production";0;1;0.00;8.0
"https://en.bluevistaprod.com/our-skills/aerial-video-drone/";"drone audiovisual";0;1;0.00;101.0
"https://en.bluevistaprod.com/our-skills/aerial-video-drone/";"drone s1 s2 s3";0;1;0.00;33.0
"https://en.bluevistaprod.com/our-skills/aerial-video-drone/";"local guide program";0;7;0.00;1.0
"https://en.bluevistaprod.com/our-skills/aerial-video-drone/";"lyon drone service";0;1;0.00;20.0
"https://en.bluevistaprod.com/our-skills/aerial-video-drone/";"uav company vista";0;1;0.00;80.0
"https://en.bluevistaprod.com/our-skills/aerial-video-drone/";"uav services vista";0;1;0.00;60.0
"https://en.bluevistaprod.com/our-skills/aftermovie-event-capture/";"aftermovie event";0;21;0.00;38.0
"https://en.bluevistaprod.com/our-skills/aftermovie-event-capture/";"aftermovie meaning";0;6;0.00;10.0
"https://en.bluevistaprod.com/our-skills/aftermovie-event-capture/";"conference aftermovie";0;1;0.00;7.0
"https://en.bluevistaprod.com/our-skills/aftermovie-event-capture/";"event aftermovie";0;12;0.00;74.8
"https://en.bluevistaprod.com/our-skills/aftermovie-event-capture/";"event aftermovies";0;10;0.00;97.2
"https://en.bluevistaprod.com/our-skills/aftermovie-event-capture/";"vistaprod.com";0;1;0.00;86.0
"https://en.bluevistaprod.com/our-skills/aftermovie-event-capture/";"what is an aftermovie";0;1;0.00;15.0
"https://en.bluevistaprod.com/our-skills/corporate-video-corporate-film/";"corporate film";0;164;0.00;71.8
"https://en.bluevistaprod.com/our-skills/corporate-video-corporate-film/";"corporate film company";0;6;0.00;87.0
"https://en.bluevistaprod.com/our-skills/corporate-video-corporate-film/";"corporate film geneva";0;16;0.00;2.3
"https://en.bluevistaprod.com/our-skills/corporate-video-corporate-film/";"corporate filming";0;2;0.00;90.0
"https://en.bluevistaprod.com/our-skills/corporate-video-corporate-film/";"corporate video film";0;2;0.00;71.0
"https://en.bluevistaprod.com/our-skills/corporate-video-corporate-film/";"corporate video films";0;10;0.00;75.2
"https://en.bluevistaprod.com/our-skills/corporate-video-corporate-film/";"corporate video geneva";0;4;0.00;24.0
"https://en.bluevistaprod.com/our-skills/corporate-video-corporate-film/";"corporate video lyon";0;1;0.00;23.0
"https://en.bluevistaprod.com/our-skills/corporate-video-corporate-film/";"filming corporate videos";0;1;0.00;98.0
"https://en.bluevistaprod.com/our-skills/corporate-video-corporate-film/";"video corporatif";0;2;0.00;63.5
"https://en.bluevistaprod.com/our-skills/green-screen-studio-compositing/";"green screen compositing studio";0;1;0.00;2.0
"https://en.bluevistaprod.com/our-skills/green-screen-studio-compositing/";"green screen studio";0;9;0.00;22.9
"https://en.bluevistaprod.com/our-skills/immersive-creation-virtual-reality/";"bd viewer vr";0;1;0.00;35.0
"https://en.bluevistaprod.com/our-skills/immersive-creation-virtual-reality/";"blue vista game";0;1;0.00;5.0
"https://en.bluevistaprod.com/our-skills/immersive-creation-virtual-reality/";"virtual reality show room";0;1;0.00;81.0
"https://en.bluevistaprod.com/our-skills/immersive-creation-virtual-reality/";"virtual reality showroom";0;10;0.00;85.8
"https://en.bluevistaprod.com/our-skills/immersive-creation-virtual-reality/";"virtual reality showrooms";0;5;0.00;76.6
"https://en.bluevistaprod.com/our-skills/live-streaming-webtv/";"bluevista tv";0;2;0.00;20.5
"https://en.bluevistaprod.com/our-skills/live-streaming-webtv/";"bluevista.tv";0;3;0.00;5.0
"https://en.bluevistaprod.com/our-skills/live-streaming-webtv/";"bluvista tv";0;2;0.00;31.5
"https://en.bluevistaprod.com/our-skills/live-streaming-webtv/";"bluvista.tv";0;1;0.00;3.0
"https://en.bluevistaprod.com/our-skills/live-streaming-webtv/";"live web tv";0;1;0.00;112.0
"https://en.bluevistaprod.com/our-skills/live-streaming-webtv/";"live webtv";0;3;0.00;12.0
"https://en.bluevistaprod.com/our-skills/live-streaming-webtv/";"streaming webtv";0;11;0.00;11.3
"https://en.bluevistaprod.com/our-skills/live-streaming-webtv/";"tv internet online";0;1;0.00;2.0
"https://en.bluevistaprod.com/our-skills/live-streaming-webtv/";"vistaprod.net";0;15;0.00;28.6
"https://en.bluevistaprod.com/our-skills/live-streaming-webtv/";"web tv aziendale";0;4;0.00;47.8
"https://en.bluevistaprod.com/our-skills/live-streaming-webtv/";"web tv broadcast";0;2;0.00;25.5
"https://en.bluevistaprod.com/our-skills/live-streaming-webtv/";"web tv live";0;6;0.00;14.2
"https://en.bluevistaprod.com/our-skills/live-streaming-webtv/";"web tv live streaming";0;1;0.00;18.0
"https://en.bluevistaprod.com/our-skills/live-streaming-webtv/";"web tv on live";0;2;0.00;18.5
"https://en.bluevistaprod.com/our-skills/live-streaming-webtv/";"web tv online";0;16;0.00;18.4
"https://en.bluevistaprod.com/our-skills/live-streaming-webtv/";"web tv streaming";0;7;0.00;31.3
"https://en.bluevistaprod.com/our-skills/live-streaming-webtv/";"webhtv";0;1;0.00;10.0
"https://en.bluevistaprod.com/our-skills/live-streaming-webtv/";"webtv";0;3;0.00;55.7
"https://en.bluevistaprod.com/our-skills/live-streaming-webtv/";"webtv networks";0;3;0.00;20.0
"https://en.bluevistaprod.com/our-skills/live-streaming-webtv/";"webtvlive";0;1;0.00;10.0
"https://en.bluevistaprod.com/our-skills/live-streaming-webtv/";"what is a web tv";0;1;0.00;49.0
"https://en.bluevistaprod.com/our-skills/live-streaming-webtv/";"what is web tv";0;1;0.00;29.0
"https://en.bluevistaprod.com/our-skills/motion-design/";"animated background vista";0;1;0.00;93.0
"https://en.bluevistaprod.com/our-skills/motion-design/";"engiehomes";0;1;0.00;47.0
"https://en.bluevistaprod.com/our-skills/motion-design/";"item motion designer";0;1;0.00;52.0
"https://en.bluevistaprod.com/our-skills/motion-design/";"motion design agency paris";0;2;0.00;16.0
"https://en.bluevistaprod.com/our-skills/motion-design/";"motion design agentur services";0;1;0.00;83.0
"https://en.bluevistaprod.com/our-skills/motion-design/";"motion design monza";0;7;0.00;56.1
"https://en.bluevistaprod.com/our-skills/motion-design/";"motion design pre-production planning and creating 2d artwork";0;1;0.00;78.0
"https://en.bluevistaprod.com/our-skills/motion-design/";"vistaprod.com";0;1;0.00;47.0
"https://en.bluevistaprod.com/our-skills/motion-design/";"vistaprod.net";0;19;0.00;31.2
"https://en.bluevistaprod.com/our-skills/video-mapping/";"video mapping 2d";0;1;0.00;91.0
"https://en.bluevistaprod.com/our-skills/video-mapping/";"video mapping lyon";0;3;0.00;4.7
"https://en.bluevistaprod.com/our-skills/video-mapping/";"video mapping paris";0;1;0.00;9.0
"https://en.bluevistaprod.com/the-agency/";"audiovisual agency geneva";0;13;0.00;14.5
"https://en.bluevistaprod.com/the-agency/";"audiovisual agency paris";0;10;0.00;31.6
"https://en.bluevistaprod.com/the-agency/";"blue vista";0;3;0.00;5.7
"https://en.bluevistaprod.com/the-agency/";"bluevista";0;42;0.00;2.3
"https://en.bluevistaprod.com/the-agency/";"bluevista production";0;10;0.00;2.6
"https://en.bluevistaprod.com/the-agency/";"bluevista.tv";0;1;0.00;1.0
"https://en.bluevistaprod.com/the-agency/";"local guide program";0;10;0.00;1.0
"https://en.bluevistaprod.com/the-agency/";"luxury video agency geneva";0;2;0.00;13.0
"https://en.bluevistaprod.com/video-production-in-geneva/";"audiovisual agency geneva";0;3;0.00;72.0
"https://en.bluevistaprod.com/video-production-in-geneva/";"bluevista production";0;4;0.00;4.5
"https://en.bluevistaprod.com/video-production-in-geneva/";"cameraman in geneva";0;3;0.00;59.0
"https://en.bluevistaprod.com/video-production-in-geneva/";"corporate video geneva";0;154;0.00;21.0
"https://en.bluevistaprod.com/video-production-in-geneva/";"corporate video production geneva";0;31;0.00;7.2
"https://en.bluevistaprod.com/video-production-in-geneva/";"corporate video production switzerland";0;53;0.00;6.5
"https://en.bluevistaprod.com/video-production-in-geneva/";"corporate videographer geneva";0;115;0.00;8.2
"https://en.bluevistaprod.com/video-production-in-geneva/";"geneva video production";0;632;0.00;25.4
"https://en.bluevistaprod.com/video-production-in-geneva/";"local guide program";0;8;0.00;1.0
"https://en.bluevistaprod.com/video-production-in-geneva/";"luxury video agency geneva";0;107;0.00;14.7
"https://en.bluevistaprod.com/video-production-in-geneva/";"production agency geneva";0;9;0.00;9.7
"https://en.bluevistaprod.com/video-production-in-geneva/";"production company geneva";0;52;0.00;30.3
"https://en.bluevistaprod.com/video-production-in-geneva/";"studio animation suisse";0;1;0.00;3.0
"https://en.bluevistaprod.com/video-production-in-geneva/";"video agency geneva";0;191;0.00;32.0
"https://en.bluevistaprod.com/video-production-in-geneva/";"video production agency geneva";0;455;0.00;28.7
"https://en.bluevistaprod.com/video-production-in-geneva/";"video production agency in geneva";0;50;0.00;15.0
"https://en.bluevistaprod.com/video-production-in-geneva/";"video production agency switzerland";0;4;0.00;86.5
"https://en.bluevistaprod.com/video-production-in-geneva/";"video production company in geneva";0;37;0.00;19.8
"https://en.bluevistaprod.com/video-production-in-geneva/";"video production geneva";0;709;0.00;29.8
"https://en.bluevistaprod.com/video-production-in-geneva/";"video production services geneva";0;100;0.00;30.6
"https://en.bluevistaprod.com/video-production-in-geneva/";"video production services in geneva";0;43;0.00;20.0
"https://en.bluevistaprod.com/video-production-in-geneva/";"video studio geneva";0;93;0.00;28.5
"https://en.bluevistaprod.com/video-production-in-geneva/";"videographer for small business geneva";0;34;0.00;16.2
"https://en.bluevistaprod.com/video-production-in-geneva/";"videographer geneva";0;37;0.00;51.2
"https://en.bluevistaprod.com/video-production-in-geneva/";"videographer in geneva";0;3;0.00;82.7