query;clics;impressions;ctr;position
"bluevista";56;3641;1.54;5.3
"blue vista";12;525;2.29;7.4
"webtv streaming";6;453;1.32;9.2
"bluevista production";5;57;8.77;1.9
"webtv live";4;127;3.15;8.4
"hitachi animation";2;189;1.06;7.7
"amplivision";1;240;0.42;5.2
"barpi";1;3806;0.03;6.7
"bluevista tv";1;11;9.09;14.2
"bluevista.tv";1;25;4.00;7.5
"dosamat";1;88;1.14;5.3
"expercite";1;23;4.35;5.4
"opiiec";1;3;33.33;3.3
"web.tv online";1;1;100.00;89.0
"360 immersive video";0;40;0.00;43.0
"360 snowcat";0;3;0.00;9.0
"360 the snowcat";0;41;0.00;7.0
"3d animasjon studio";0;1;0.00;80.0
"3d animation agency";0;1;0.00;7.0
"3d animation studio";0;191;0.00;20.3
"3d animation studio europe";0;5;0.00;76.8
"3d animation studios";0;1;0.00;64.0
"3d animation video company";0;2;0.00;4.0
"3d metaverse agency";0;7;0.00;91.0
"3d product animation agency";0;2;0.00;95.5
"3d technical animation";0;3;0.00;94.7
"3d technical animation company";0;8;0.00;21.6
"8 rue abb";0;1;0.00;10.0
"aerial video production";0;1;0.00;8.0
"aftermovie event";0;21;0.00;38.0
"aftermovie meaning";0;6;0.00;10.0
"agence 3d lyon";0;1;0.00;72.0
"agence metaverse";0;12;0.00;1.8
"agorythm";0;1;0.00;31.0
"alorem";0;1;0.00;20.0
"amplitude robot";0;6;0.00;7.8
"amplitude robotics";0;23;0.00;8.6
"amplivision amplitude surgical";0;6;0.00;7.3
"animated background vista";0;1;0.00;93.0
"animation 3d lyon";0;4;0.00;28.5
"animation 3d paris";0;4;0.00;17.3
"animation paris";0;1;0.00;69.0
"animation studio lyon";0;1;0.00;187.0
"animation studio paris";0;36;0.00;40.1
"animation studios in paris";0;7;0.00;43.3
"animation studios paris";0;16;0.00;36.4
"aravi racing";0;3;0.00;7.0
"audiovisual agency geneva";0;16;0.00;25.3
"audiovisual agency paris";0;10;0.00;31.6
"av production for pharma";0;25;0.00;91.5
"aventurier féminin";0;1;0.00;26.0
"bbgr";0;3;0.00;20.0
"bbgr pro";0;1;0.00;34.0
"bd viewer vr";0;1;0.00;35.0
"bloviste";0;1;0.00;1.0
"blu vista";0;2;0.00;1.0
"blu3 vista";0;1;0.00;4.0
"blu3 vista game";0;7;0.00;7.0
"blue carrot video production";0;3;0.00;41.3
"blue net vista inc";0;1;0.00;24.0
"blue vist";0;2;0.00;2.5
"blue vista chicago";0;3;0.00;10.7
"blue vista company";0;3;0.00;4.0
"blue vista game";0;10;0.00;3.3
"blue vista latest";0;28;0.00;13.7
"blue vista official website";0;1;0.00;1.0
"blue vista photos";0;11;0.00;3.2
"blue vistas";0;1;0.00;93.0
"bluefield production house";0;1;0.00;48.0
"blurvista";0;5;0.00;2.4
"bluvista";0;34;0.00;17.5
"bluvista tv";0;7;0.00;22.4
"bluvista.de";0;48;0.00;8.2
"bluvista.tv";0;10;0.00;8.8
"bos equipement";0;1;0.00;10.0
"bos equipement paris";0;1;0.00;34.0
"bos équipement";0;1;0.00;60.0
"brand film production geneva";0;12;0.00;8.8
"buevista";0;4;0.00;4.3
"cameraman in geneva";0;3;0.00;59.0
"cartoon hitachi";0;1;0.00;8.0
"conference aftermovie";0;1;0.00;7.0
"corporate film";0;164;0.00;71.8
"corporate film company";0;6;0.00;87.0
"corporate film geneva";0;17;0.00;4.9
"corporate film production agency";0;2;0.00;34.0
"corporate film production switzerland";0;1;0.00;78.0
"corporate filming";0;2;0.00;90.0
"corporate video agencies";0;39;0.00;81.6
"corporate video film";0;2;0.00;71.0
"corporate video films";0;10;0.00;75.2
"corporate video geneva";0;159;0.00;21.2
"corporate video lyon";0;3;0.00;45.7
"corporate video production geneva";0;31;0.00;7.2
"corporate video production switzerland";0;53;0.00;6.5
"corporate videographer geneva";0;116;0.00;8.3
"cs hitachi";0;2;0.00;6.0
"cs net hitachi";0;1;0.00;8.0
"cs vista";0;5;0.00;53.2
"csnet hitachi";0;6;0.00;10.5
"csnet lite";0;2;0.00;7.5
"deko präsentation";0;1;0.00;3.0
"demenagement engie";0;1;0.00;80.0
"dosamatic";0;1;0.00;42.0
"dosmatix";0;19;0.00;57.3
"dromis";0;21;0.00;10.5
"drone audiovisual";0;1;0.00;101.0
"drone s1 s2 s3";0;1;0.00;33.0
"déménagement engie";0;1;0.00;66.0
"déménagement lyon paris";0;1;0.00;71.0
"déménager à lyon";0;1;0.00;91.0
"engie thermostaat";0;2;0.00;39.0
"engie thermostat";0;6;0.00;5.0
"engiehomes";0;1;0.00;47.0
"event aftermovie";0;12;0.00;74.8
"event aftermovies";0;10;0.00;97.2
"expercité";0;4;0.00;23.8
"film 3d lyon";0;3;0.00;57.7
"film corporate lyon";0;15;0.00;49.1
"film deko";0;2;0.00;4.0
"film territories";0;1;0.00;92.0
"filming corporate videos";0;1;0.00;98.0
"filmproduktion healthcare";0;2;0.00;24.0
"geneva video production";0;657;0.00;25.1
"getlive";0;1;0.00;3.0
"getlovi";0;1;0.00;8.0
"gloupii.com";0;42;0.00;3.7
"green screen compositing studio";0;1;0.00;2.0
"green screen studio";0;9;0.00;22.9
"guitar en scene";0;1;0.00;48.0
"hikumo";0;6;0.00;9.3
"hitachi 3d";0;2;0.00;7.5
"hitachi animation video";0;6;0.00;14.8
"hitachi cs";0;2;0.00;34.0
"hitachi csnet";0;9;0.00;11.0
"hitachi csnet web";0;1;0.00;14.0
"hitachi film";0;3;0.00;8.0
"homeserve lyon";0;1;0.00;48.0
"illigo engie";0;1;0.00;18.0
"immersive 3d video";0;1;0.00;76.0
"item motion designer";0;1;0.00;52.0
"kessler crane second shooter";0;1;0.00;43.0
"kessler motion control";0;4;0.00;37.8
"koesio";0;2;0.00;9.0
"koesio linkedin";0;1;0.00;42.0
"live event video production company in lake geneva";0;1;0.00;25.0
"live web tv";0;1;0.00;112.0
"live webtv";0;3;0.00;12.0
"local guide program";0;25;0.00;1.0
"luxury video agency geneva";0;133;0.00;12.6
"lyon drone service";0;1;0.00;20.0
"mase and motion, latest";0;2;0.00;17.0
"mase in design";0;1;0.00;49.0
"mase rhone alpes";0;4;0.00;6.0
"migo thermostat";0;2;0.00;29.0
"motion design agency paris";0;2;0.00;16.0
"motion design agentur services";0;1;0.00;83.0
"motion design monza";0;7;0.00;56.1
"motion design pre-production planning and creating 2d artwork";0;1;0.00;78.0
"movie deko";0;1;0.00;7.0
"naos jeans";0;1;0.00;40.0
"new hitachi the animation";0;2;0.00;7.0
"olinn";0;7;0.00;3.0
"paris animation studio";0;5;0.00;35.6
"paris animation studios";0;8;0.00;54.9
"pharmaceutical video production";0;2;0.00;61.5
"pisten bully";0;3;0.00;25.3
"pisten bully snowcat";0;2;0.00;27.5
"pisten heads";0;1;0.00;47.0
"pistin bully";0;2;0.00;79.0
"pour vista";0;3;0.00;44.3
"production agency geneva";0;9;0.00;9.7
"production company geneva";0;52;0.00;30.3
"produkt film produktion";0;1;0.00;28.0
"produktfilm produktion";0;3;0.00;27.7
"qwartz";0;10;0.00;21.2
"radisson 360";0;16;0.00;8.9
"realteam3";0;1;0.00;17.0
"santos induction";0;1;0.00;35.0
"showroom gf";0;1;0.00;5.0
"stann";0;24;0.00;16.7
"stann app";0;3;0.00;5.3
"stills and live-action production company paris";0;12;0.00;53.9
"streaming webtv";0;11;0.00;11.3
"studio 3d lyon";0;1;0.00;7.0
"studio 3d paris";0;75;0.00;19.5
"studio animation 3d france";0;4;0.00;67.3
"studio animation 3d lyon";0;4;0.00;5.8
"studio animation 3d paris";0;85;0.00;16.1
"studio animation paris";0;55;0.00;62.1
"studio animation suisse";0;1;0.00;3.0
"studio d'animation lyon";0;2;0.00;6.0
"studio motion 3d paris";0;6;0.00;68.0
"studios animation paris";0;11;0.00;61.5
"supervista";0;3;0.00;42.3
"tetro agency";0;1;0.00;9.0
"tetro lyon";0;5;0.00;23.0
"tetro paris";0;5;0.00;7.2
"the blue vista";0;1;0.00;1.0
"the blueverse";0;7;0.00;10.7
"thermostaat engie";0;3;0.00;41.7
"thermostat engie";0;5;0.00;10.0
"thermostat engie home service";0;1;0.00;4.0
"thx digital";0;2;0.00;94.0
"thx medical";0;22;0.00;5.7
"tokys";0;1;0.00;25.0
"tube vista";0;1;0.00;37.0
"tubevista";0;12;0.00;11.0
"tv internet online";0;1;0.00;2.0
"uav company vista";0;1;0.00;80.0
"uav services vista";0;1;0.00;60.0
"video agency geneva";0;214;0.00;35.1
"video agency paris";0;1;0.00;5.0
"video companies orlando";0;1;0.00;20.0
"video corporatif";0;2;0.00;63.5
"video en 360 vr lyon";0;21;0.00;17.7
"video images";0;1;0.00;9.0
"video mapping 2d";0;1;0.00;91.0
"video mapping lyon";0;9;0.00;8.4
"video mapping paris";0;5;0.00;42.2
"video production agency geneva";0;489;0.00;29.9
"video production agency in geneva";0;50;0.00;15.0
"video production agency switzerland";0;4;0.00;86.5
"video production companies for product launches";0;2;0.00;5.5
"video production company in geneva";0;37;0.00;19.8
"video production event";0;15;0.00;11.4
"video production geneva";0;775;0.00;31.7
"video production lyon";0;7;0.00;21.0
"video production services geneva";0;104;0.00;31.7
"video production services in geneva";0;43;0.00;20.0
"video studio geneva";0;115;0.00;34.6
"video vista";0;1;0.00;4.0
"videographer for small business geneva";0;37;0.00;21.4
"videographer geneva";0;37;0.00;51.2
"videographer in geneva";0;3;0.00;82.7
"virtual reality show room";0;1;0.00;81.0
"virtual reality showroom";0;10;0.00;85.8
"virtual reality showrooms";0;5;0.00;76.6
"vista animations";0;1;0.00;62.0
"vista blue photos";0;1;0.00;5.0
"vista production";0;2;0.00;1.5
"vistaprod";0;3;0.00;5.3
"vistaprod.com";0;73;0.00;49.2
"vistaprod.net";0;190;0.00;32.4
"web tv aziendale";0;4;0.00;47.8
"web tv broadcast";0;2;0.00;25.5
"web tv live";0;6;0.00;14.2
"web tv live streaming";0;1;0.00;18.0
"web tv on live";0;2;0.00;18.5
"web tv online";0;16;0.00;18.4
"web tv streaming";0;7;0.00;31.3
"webhtv";0;1;0.00;10.0
"webtv";0;3;0.00;55.7
"webtv networks";0;3;0.00;20.0
"webtvlive";0;1;0.00;10.0
"what is a web tv";0;1;0.00;49.0
"what is an aftermovie";0;1;0.00;15.0
"what is web tv";0;1;0.00;29.0
"www.bluvista.tv";0;1;0.00;11.0
"барпи";0;8;0.00;8.4
"ბარპი";0;7;0.00;9.1
"クリストファー ファボン";0;2;0.00;26.5
"商業空間";0;1;0.00;13.0