page;clics;impressions;ctr;position
"https://www.bluevistaprod.com/";785;31884;2.46;25.4
"https://www.bluevistaprod.com/studio-animation-3d-lyon/";161;14830;1.09;26.2
"https://www.bluevistaprod.com/nos-competences/video-mapping/";97;13340;0.73;18.6
"https://www.bluevistaprod.com/nos-competences/live-streaming-webtv/";85;3753;2.26;10.2
"https://www.bluevistaprod.com/nos-realisations/engie-home-services-video-thermostat-migo/";63;10135;0.62;11.0
"https://www.bluevistaprod.com/studio-animation-3d-paris/";54;17952;0.30;30.7
"https://www.bluevistaprod.com/agence/";36;3008;1.20;5.1
"https://www.bluevistaprod.com/nos-competences/animation-3d/";23;1805;1.27;34.1
"https://www.bluevistaprod.com/contact-devis/";18;1083;1.66;3.4
"https://www.bluevistaprod.com/nos-realisations/verizon-connect-video-de-presentation/";17;6474;0.26;7.1
"https://www.bluevistaprod.com/nos-realisations/";15;1758;0.85;3.9
"https://www.bluevistaprod.com/nos-competences/motion-design/";14;9312;0.15;61.7
"https://www.bluevistaprod.com/realisation-film-entreprise-lyon/";14;13485;0.10;32.4
"https://www.bluevistaprod.com/video-publicitaire/";14;29507;0.05;25.6
"https://www.bluevistaprod.com/nos-realisations/thx-medical-dosamat-digital-2-0/";13;714;1.82;6.7
"https://www.bluevistaprod.com/mentions-legales/";12;1026;1.17;3.7
"https://www.bluevistaprod.com/nos-realisations/eiffage-energie-expercite/";11;3062;0.36;7.2
"https://www.bluevistaprod.com/nos-realisations/stann-lapplication-de-gestion-dentreprise/";11;7507;0.15;8.3
"https://www.bluevistaprod.com/nos-competences/aftermovie-captation-evenementielle/";10;7502;0.13;21.3
"https://www.bluevistaprod.com/actualites/motion-design-3d-et-mapping-a-paris-au-musee-rodin/";9;710;1.27;30.2
"https://www.bluevistaprod.com/actualites/video-immersive-360/";9;3364;0.27;13.6
"https://www.bluevistaprod.com/nos-competences/creation-immersive-realite-virtuelle/";9;1795;0.50;51.6
"https://www.bluevistaprod.com/nos-realisations/printemps-nouvelle-identite/";9;179;5.03;13.0
"https://www.bluevistaprod.com/actualites/video-mapping-lyon-intercontinental-grand-hotel-dieu/";8;619;1.29;25.7
"https://www.bluevistaprod.com/actualites/animation-3d-grande-arche-de-la-defense/";7;332;2.11;15.1
"https://www.bluevistaprod.com/nos-realisations/amplitude-amplivision/";6;650;0.92;13.0
"https://www.bluevistaprod.com/realisation-film-sante/";6;2941;0.20;14.5
"https://www.bluevistaprod.com/actualites/bluevista-video-showreel-2023/";5;2398;0.21;7.5
"https://www.bluevistaprod.com/actualites/author/guillaume/page/4/";4;42;9.52;16.2
"https://www.bluevistaprod.com/actualites/carte-de-voeux-video/";4;2220;0.18;34.6
"https://www.bluevistaprod.com/nos-competences/studio-fond-vert-compositing/";4;799;0.50;24.6
"https://www.bluevistaprod.com/nos-realisations/qwartz/";4;220;1.82;15.8
"https://www.bluevistaprod.com/nos-realisations/tetro-grand-hotel-dieu/";4;219;1.83;14.1
"https://www.bluevistaprod.com/actualites/50ans-de-lpa-une-histoire-lyonnaise/";3;180;1.67;13.6
"https://www.bluevistaprod.com/bluevista-agence-metaverse/";3;4519;0.07;25.8
"https://www.bluevistaprod.com/film-d-entreprise-paris-15-ans-d-experience/";3;4175;0.07;28.5
"https://www.bluevistaprod.com/video-promotionnelle/";3;1585;0.19;11.8
"https://www.bluevistaprod.com/actualites/barpi-prevention-accidents/";2;189;1.06;11.2
"https://www.bluevistaprod.com/actualites/bluevista-le-motion-design/";2;280;0.71;26.7
"https://www.bluevistaprod.com/actualites/guitare-en-scene-2023/";2;537;0.37;12.7
"https://www.bluevistaprod.com/actualites/koesio-carte-de-voeux-2023/";2;711;0.28;40.8
"https://www.bluevistaprod.com/actualites/projet-de-realisation-video-360/";2;235;0.85;18.0
"https://www.bluevistaprod.com/actualites/realisation-immersion-360-degres-dameuse-pisten-bully/";2;309;0.65;13.7
"https://www.bluevistaprod.com/actualites/showroom-virtuel-gf-machining-solutions/";2;165;1.21;33.1
"https://www.bluevistaprod.com/nos-competences/video-aerienne-drone/";2;2798;0.07;42.8
"https://www.bluevistaprod.com/nos-realisations/artcurial-mapping/";2;126;1.59;47.2
"https://www.bluevistaprod.com/nos-realisations/bluevista-showreel-2025/";2;478;0.42;5.1
"https://www.bluevistaprod.com/nos-realisations/hitachi-cs-net/";2;1005;0.20;9.5
"https://www.bluevistaprod.com/nos-realisations/irisolaris-aftermovie-irisdays-2024/";2;13;15.38;4.1
"https://www.bluevistaprod.com/nos-realisations/koesio-convention-2024/";2;11;18.18;4.8
"https://www.bluevistaprod.com/nos-realisations/radisson-360-vr/";2;159;1.26;13.9
"https://www.bluevistaprod.com/realisation-video-geneve/";2;2301;0.09;29.1
"https://www.bluevistaprod.com/actualites/animation-3d-produit-hitachi-csnet-manager/";1;298;0.34;10.3
"https://www.bluevistaprod.com/actualites/blueverse/";1;18;5.56;10.1
"https://www.bluevistaprod.com/actualites/bluevista-video-showreel-2021/";1;99;1.01;3.2
"https://www.bluevistaprod.com/actualites/category/videomapping/";1;129;0.78;55.5
"https://www.bluevistaprod.com/actualites/inauguration-intercontinental-lyon-grand-hotel-dieu/";1;196;0.51;13.6
"https://www.bluevistaprod.com/actualites/mapping-printemps-lyon/";1;270;0.37;20.9
"https://www.bluevistaprod.com/actualites/mase-4-motions/";1;288;0.35;23.7
"https://www.bluevistaprod.com/actualites/santos-i-grind/";1;62;1.61;20.6
"https://www.bluevistaprod.com/actualites/vercors-les-chemins-de-la-liberte/";1;123;0.81;14.9
"https://www.bluevistaprod.com/nos-competences/video-corporate-film-dentreprise/";1;5846;0.02;52.5
"https://www.bluevistaprod.com/nos-realisations/40-ans-siparex/";1;25;4.00;4.8
"https://www.bluevistaprod.com/nos-realisations/araymond-share/";1;7;14.29;43.1
"https://www.bluevistaprod.com/nos-realisations/arrow-abox-memo/";1;130;0.77;13.3
"https://www.bluevistaprod.com/nos-realisations/bluevista-showreel-2020/";1;337;0.30;5.1
"https://www.bluevistaprod.com/nos-realisations/bos/";1;8;12.50;4.4
"https://www.bluevistaprod.com/nos-realisations/deko-film-de-presentation/";1;144;0.69;12.8
"https://www.bluevistaprod.com/nos-realisations/dromis-equans-ineo/";1;702;0.14;33.0
"https://www.bluevistaprod.com/nos-realisations/elistair-orion/";1;68;1.47;8.5
"https://www.bluevistaprod.com/nos-realisations/gloupii/";1;28;3.57;10.0
"https://www.bluevistaprod.com/nos-realisations/hitachi-film-catalogue-2021/";1;24;4.17;5.8
"https://www.bluevistaprod.com/nos-realisations/hitachi-hikumo/";1;161;0.62;9.5
"https://www.bluevistaprod.com/nos-realisations/hitachi-yutaki/";1;85;1.18;17.5
"https://www.bluevistaprod.com/nos-realisations/icsi-briefing-debriefing-minute-darret/";1;10;10.00;21.1
"https://www.bluevistaprod.com/nos-realisations/isara-interviews-detudiants/";1;11;9.09;9.3
"https://www.bluevistaprod.com/nos-realisations/koesio-voeux-2024/";1;15;6.67;6.8
"https://www.bluevistaprod.com/nos-realisations/mapping-audi/";1;98;1.02;12.8
"https://www.bluevistaprod.com/nos-realisations/olinn-video-publicitaire/";1;327;0.31;9.4
"https://www.bluevistaprod.com/nos-realisations/pisten-bully-dameuse-360-vr/";1;212;0.47;17.7
"https://www.bluevistaprod.com/nos-realisations/spc/";1;8;12.50;4.5
"https://www.bluevistaprod.com/nos-realisations/tetro-fete-des-lumieres-2021/";1;14;7.14;4.4
"https://www.bluevistaprod.com/nos-realisations/tetro-stalactite-light-show/";1;14;7.14;4.8
"https://www.bluevistaprod.com/realisation-film-evenementiel/";1;313;0.32;20.6
"https://www.bluevistaprod.com/realisation-film-industrie/";1;120;0.83;12.3
"https://www.bluevistaprod.com/realisation-film-lancement-produit/";1;2050;0.05;24.6
"https://www.bluevistaprod.com/realisation-film-territoires/";1;51;1.96;12.8
"https://www.bluevistaprod.com/actualites/";0;516;0.00;26.3
"https://www.bluevistaprod.com/actualites/aravi-saison-2022-2023/";0;876;0.00;8.6
"https://www.bluevistaprod.com/actualites/artcurial-20ans/";0;5;0.00;22.0
"https://www.bluevistaprod.com/actualites/author/guillaume/page/2/";0;5;0.00;11.8
"https://www.bluevistaprod.com/actualites/bluevista-creative-la-pizza/";0;1;0.00;9.0
"https://www.bluevistaprod.com/actualites/bluevista-creative-unicorn-team/";0;6;0.00;33.5
"https://www.bluevistaprod.com/actualites/bluevista-creative-video-un-monde-virtuel-1-la-moto/";0;32;0.00;36.1
"https://www.bluevistaprod.com/actualites/bluevista-creative-video-une-vraie-equipe-1-la-flexibilite/";0;2;0.00;13.5
"https://www.bluevistaprod.com/actualites/bluevista-creative-video-une-vraie-equipe-2-la-diversite/";0;2;0.00;3.0
"https://www.bluevistaprod.com/actualites/bluevista-creative-video-une-vraie-equipe-3-la-productivite/";0;22;0.00;9.9
"https://www.bluevistaprod.com/actualites/bluevista-video-showreel-2020/";0;100;0.00;5.3
"https://www.bluevistaprod.com/actualites/category/animation_3d/";0;24;0.00;35.5
"https://www.bluevistaprod.com/actualites/category/animation_3d/feed/";0;1;0.00;7.0
"https://www.bluevistaprod.com/actualites/category/corporate/page/2/";0;3;0.00;11.0
"https://www.bluevistaprod.com/actualites/category/motion_design/";0;11;0.00;15.8
"https://www.bluevistaprod.com/actualites/category/motion_design/page/2/";0;1;0.00;9.0
"https://www.bluevistaprod.com/actualites/category/motion_design/page/3/";0;2;0.00;4.5
"https://www.bluevistaprod.com/actualites/category/publicite/";0;3;0.00;58.0
"https://www.bluevistaprod.com/actualites/category/tournage-studio/";0;29;0.00;44.0
"https://www.bluevistaprod.com/actualites/category/tournage-studio/page/2/";0;9;0.00;10.0
"https://www.bluevistaprod.com/actualites/category/video-360-vr/";0;296;0.00;28.2
"https://www.bluevistaprod.com/actualites/category/video-panoramique/";0;12;0.00;39.2
"https://www.bluevistaprod.com/actualites/clip-corporate-bos-equipement/";0;6;0.00;11.8
"https://www.bluevistaprod.com/actualites/decouvrez-notre-nouvelle-bande-demo-3d/";0;28;0.00;50.6
"https://www.bluevistaprod.com/actualites/equita-lyon-2019-daily-news/";0;2;0.00;23.5
"https://www.bluevistaprod.com/actualites/equita-lyon-dailynews/";0;39;0.00;46.9
"https://www.bluevistaprod.com/actualites/film-de-presentation-produit/";0;4;0.00;8.0
"https://www.bluevistaprod.com/actualites/film-dentreprise-video-15-ans-dexperience/";0;1;0.00;10.0
"https://www.bluevistaprod.com/actualites/getlive-tv-3-0-la-wbe-tv-selon-bluevista/";0;38;0.00;8.4
"https://www.bluevistaprod.com/actualites/la-realite-virtuelle-oculus-a-bluevista/";0;6;0.00;9.8
"https://www.bluevistaprod.com/actualites/live-video-homeserve-20ans/";0;12;0.00;14.3
"https://www.bluevistaprod.com/actualites/mecenat-club-lyon-la-duchere/";0;3;0.00;8.7
"https://www.bluevistaprod.com/actualites/motion-design-pedagogique/";0;1;0.00;7.0
"https://www.bluevistaprod.com/actualites/nos-dernieres-interviews/";0;83;0.00;4.3
"https://www.bluevistaprod.com/actualites/nouveau-materiel-motion-control-kessler/";0;20;0.00;8.0
"https://www.bluevistaprod.com/actualites/peninsula-octobre-rose/";0;96;0.00;13.9
"https://www.bluevistaprod.com/actualites/projection-semi-transparente-immersive-pour-linauguration-dun-batiment/";0;3;0.00;21.7
"https://www.bluevistaprod.com/actualites/realisation-de-3-clips-produit-en-studio-pour-la-societe-riso/";0;5;0.00;11.6
"https://www.bluevistaprod.com/actualites/realisation-de-film-dentreprise-ou-corporate/";0;20;0.00;19.4
"https://www.bluevistaprod.com/actualites/serie-de-6-videos-promotionnelles-pour-les-produits-abb-snk/";0;9;0.00;5.2
"https://www.bluevistaprod.com/actualites/show-reel-motion-design/";0;190;0.00;29.3
"https://www.bluevistaprod.com/actualites/show-reel-videos-drone/";0;2;0.00;4.5
"https://www.bluevistaprod.com/actualites/sport-boules-16eme-trophee-emile-terrier/";0;221;0.00;10.8
"https://www.bluevistaprod.com/actualites/stann/";0;7614;0.00;7.1
"https://www.bluevistaprod.com/actualites/streaming-live-et-webtv-demo-2018/";0;10;0.00;14.5
"https://www.bluevistaprod.com/actualites/tag/after-movie/";0;2;0.00;8.5
"https://www.bluevistaprod.com/actualites/tag/event/";0;2;0.00;6.0
"https://www.bluevistaprod.com/actualites/tag/event/feed/";0;7;0.00;39.0
"https://www.bluevistaprod.com/actualites/tag/salon/";0;48;0.00;60.9
"https://www.bluevistaprod.com/actualites/tag/services/";0;5;0.00;35.2
"https://www.bluevistaprod.com/actualites/tournage-en-studio-film-produit-santos/";0;3;0.00;4.7
"https://www.bluevistaprod.com/actualites/un-motion-design-a-lancienne-making-of/";0;8;0.00;12.3
"https://www.bluevistaprod.com/actualites/un-tournage-en-preparation-dans-le-parc-naturel-regional-du-vercors/";0;3;0.00;8.7
"https://www.bluevistaprod.com/film-corporate-lyon-depuis-2004/";0;3;0.00;47.7
"https://www.bluevistaprod.com/film-entreprise-lyon-15-ans-experience/";0;12;0.00;7.7
"https://www.bluevistaprod.com/nos-competences/";0;249;0.00;9.7
"https://www.bluevistaprod.com/nos-realisations/30-ans-bocuse-dor-tamas-szell/";0;12;0.00;3.8
"https://www.bluevistaprod.com/nos-realisations/abb-af-contactor/";0;2;0.00;11.5
"https://www.bluevistaprod.com/nos-realisations/abb-snk-3d-industrie/";0;10;0.00;10.3
"https://www.bluevistaprod.com/nos-realisations/abb-snk-3d-marine/";0;33;0.00;18.3
"https://www.bluevistaprod.com/nos-realisations/abb-snk-3d-solaire/";0;1;0.00;11.0
"https://www.bluevistaprod.com/nos-realisations/alorem/";0;57;0.00;7.6
"https://www.bluevistaprod.com/nos-realisations/amplitude-voeux-2018/";0;3;0.00;13.0
"https://www.bluevistaprod.com/nos-realisations/amplitude-voeux-2024/";0;6;0.00;38.0
"https://www.bluevistaprod.com/nos-realisations/aravi-saison-2022-2023/";0;24;0.00;12.1
"https://www.bluevistaprod.com/nos-realisations/aravi-saison-2024/";0;11;0.00;19.0
"https://www.bluevistaprod.com/nos-realisations/assisqual/";0;84;0.00;7.0
"https://www.bluevistaprod.com/nos-realisations/bbgr-360/";0;42;0.00;39.4
"https://www.bluevistaprod.com/nos-realisations/bluevista-creative-la-pizza/";0;1297;0.00;6.1
"https://www.bluevistaprod.com/nos-realisations/bluevista-creative-un-monde-virtuel-1-la-moto/";0;148;0.00;13.1
"https://www.bluevistaprod.com/nos-realisations/bluevista-creative-une-vraie-equipe-1-la-flexibilite/";0;82;0.00;7.2
"https://www.bluevistaprod.com/nos-realisations/bluevista-creative-une-vraie-equipe-2-la-diversite/";0;3;0.00;10.3
"https://www.bluevistaprod.com/nos-realisations/bluevista-creative-une-vraie-equipe-3-la-productivite/";0;11;0.00;9.5
"https://www.bluevistaprod.com/nos-realisations/bluevista-creative-unicorn-team/";0;828;0.00;6.3
"https://www.bluevistaprod.com/nos-realisations/bluevista-motion-design/";0;6;0.00;4.7
"https://www.bluevistaprod.com/nos-realisations/bluevista-showreel-2021/";0;1;0.00;5.0
"https://www.bluevistaprod.com/nos-realisations/bluevista-showreel-2023/";0;1;0.00;9.0
"https://www.bluevistaprod.com/nos-realisations/bluevista-showreel-2024/";0;1;0.00;3.0
"https://www.bluevistaprod.com/nos-realisations/cemoi-a-360/";0;15;0.00;8.9
"https://www.bluevistaprod.com/nos-realisations/cera-agence-innovation/";0;515;0.00;37.1
"https://www.bluevistaprod.com/nos-realisations/cera-fr/";0;1;0.00;15.0
"https://www.bluevistaprod.com/nos-realisations/cisco-1/";0;5;0.00;47.2
"https://www.bluevistaprod.com/nos-realisations/cisco-4/";0;1;0.00;14.0
"https://www.bluevistaprod.com/nos-realisations/clasquin-convention-2024/";0;7;0.00;31.6
"https://www.bluevistaprod.com/nos-realisations/clip-report-massy-grand-ouest/";0;20;0.00;7.7
"https://www.bluevistaprod.com/nos-realisations/convention-huawei/";0;2;0.00;21.5
"https://www.bluevistaprod.com/nos-realisations/cpro-film-corpo/";0;13;0.00;13.8
"https://www.bluevistaprod.com/nos-realisations/cpro-pas-besoin-den-rajouter/";0;21;0.00;8.4
"https://www.bluevistaprod.com/nos-realisations/e-xpert-solutions-aftermovie-ecd-2022/";0;1;0.00;58.0
"https://www.bluevistaprod.com/nos-realisations/e-xpert-solutions-at-defense/";0;25;0.00;32.4
"https://www.bluevistaprod.com/nos-realisations/e-xpert-solutions-devsecops/";0;2;0.00;30.0
"https://www.bluevistaprod.com/nos-realisations/e-xpert-solutions-ecd/";0;3;0.00;37.3
"https://www.bluevistaprod.com/nos-realisations/film-corporate-gf-core/";0;34;0.00;16.6
"https://www.bluevistaprod.com/nos-realisations/funseaker-presentation/";0;1;0.00;26.0
"https://www.bluevistaprod.com/nos-realisations/gf-ds-family/";0;42;0.00;7.4
"https://www.bluevistaprod.com/nos-realisations/gf-gs/";0;71;0.00;8.6
"https://www.bluevistaprod.com/nos-realisations/ghi/";0;9;0.00;7.1
"https://www.bluevistaprod.com/nos-realisations/guitare-en-scene-edition-2023/";0;61;0.00;12.8
"https://www.bluevistaprod.com/nos-realisations/guitare-en-scene-edition-2024/";0;39;0.00;12.7
"https://www.bluevistaprod.com/nos-realisations/hdi-demenagement-nouvelle-tour/";0;10;0.00;5.6
"https://www.bluevistaprod.com/nos-realisations/hitachi-triple-c/";0;14;0.00;19.9
"https://www.bluevistaprod.com/nos-realisations/icsi-briefing-debriefing-minute-darret-2/";0;14;0.00;28.0
"https://www.bluevistaprod.com/nos-realisations/icsi-briefing-debriefing-minute-darret-3/";0;5;0.00;22.0
"https://www.bluevistaprod.com/nos-realisations/irisolaris-presentation-groupe-2024/";0;9;0.00;9.4
"https://www.bluevistaprod.com/nos-realisations/koesio-voeux-2022/";0;2;0.00;6.5
"https://www.bluevistaprod.com/nos-realisations/koesio-voeux-2023/";0;106;0.00;8.2
"https://www.bluevistaprod.com/nos-realisations/koesio-voeux-2025/";0;7;0.00;22.6
"https://www.bluevistaprod.com/nos-realisations/lpa-50ans/";0;4;0.00;16.0
"https://www.bluevistaprod.com/nos-realisations/lyon-la-duchere-arbre-de-noel/";0;7;0.00;6.7
"https://www.bluevistaprod.com/nos-realisations/mapping-bocuse/";0;1;0.00;2.0
"https://www.bluevistaprod.com/nos-realisations/mapping-toky/";0;18;0.00;4.9
"https://www.bluevistaprod.com/nos-realisations/mase-motion-design/";0;5;0.00;7.6
"https://www.bluevistaprod.com/nos-realisations/mlt-superscrew/";0;2;0.00;3.5
"https://www.bluevistaprod.com/nos-realisations/motion-design-sodexo/";0;7;0.00;7.4
"https://www.bluevistaprod.com/nos-realisations/motion-design-veama/";0;5;0.00;5.4
"https://www.bluevistaprod.com/nos-realisations/naos-interview-collaborateur-2/";0;11;0.00;6.4
"https://www.bluevistaprod.com/nos-realisations/naos-interview-collaborateur/";0;5;0.00;6.0
"https://www.bluevistaprod.com/nos-realisations/neurones-it-video-voeux-2021/";0;4;0.00;20.5
"https://www.bluevistaprod.com/nos-realisations/nightswapping/";0;26;0.00;10.5
"https://www.bluevistaprod.com/nos-realisations/opiiec/";0;8;0.00;8.0
"https://www.bluevistaprod.com/nos-realisations/pnr-vercors-les-chemins-de-la-liberte-la-cabane-des-carteaux/";0;3;0.00;5.7
"https://www.bluevistaprod.com/nos-realisations/presentation-video-cpro-en-1-minute/";0;70;0.00;18.2
"https://www.bluevistaprod.com/nos-realisations/printemps-mapping/";0;12;0.00;12.0
"https://www.bluevistaprod.com/nos-realisations/riso-comcolor/";0;12;0.00;6.9
"https://www.bluevistaprod.com/nos-realisations/santos-film-produit/";0;3;0.00;8.0
"https://www.bluevistaprod.com/nos-realisations/santos-i-grind-coffee-grinder-reveal/";0;5;0.00;8.6
"https://www.bluevistaprod.com/nos-realisations/santos-i-grind-coffee-grinder-teaser/";0;1;0.00;19.0
"https://www.bluevistaprod.com/nos-realisations/serl-video-360-vr/";0;139;0.00;27.4
"https://www.bluevistaprod.com/nos-realisations/servier-cancer-colorectal/";0;1;0.00;5.0
"https://www.bluevistaprod.com/nos-realisations/sfs-enveloppe-structure/";0;8;0.00;30.1
"https://www.bluevistaprod.com/nos-realisations/sfs-intec/";0;14;0.00;6.7
"https://www.bluevistaprod.com/nos-realisations/sfs-menuiserie-industrie/";0;5;0.00;5.8
"https://www.bluevistaprod.com/nos-realisations/sgs-making-of/";0;1;0.00;7.0
"https://www.bluevistaprod.com/nos-realisations/sgs-protection-lab/";0;3;0.00;11.7
"https://www.bluevistaprod.com/nos-realisations/tetro-avenue-83/";0;4;0.00;7.5
"https://www.bluevistaprod.com/nos-realisations/tetro-carre-senart/";0;5;0.00;10.0
"https://www.bluevistaprod.com/nos-realisations/tetro-deepweb/";0;12;0.00;8.4
"https://www.bluevistaprod.com/nos-realisations/tetro-fete-des-lumieres-2022/";0;8;0.00;4.3
"https://www.bluevistaprod.com/nos-realisations/tetro-navya/";0;1;0.00;8.0
"https://www.bluevistaprod.com/nos-realisations/tetro-ox/";0;5;0.00;7.0
"https://www.bluevistaprod.com/nos-realisations/timelapse-lacleda/";0;26;0.00;25.7
"https://www.bluevistaprod.com/nos-realisations/video-magasin-american-vintage/";0;2;0.00;8.0
"https://www.bluevistaprod.com/nos-realisations/wall-mapping-les-mesaventures-de-toky/";0;9;0.00;5.9
"https://www.bluevistaprod.com/nos-realisations/waygoo-motion-design/";0;3;0.00;7.7
"https://www.bluevistaprod.com/nos-realisations/we-see-big/";0;1;0.00;6.0
"https://www.bluevistaprod.com/realisation-de-film-banques-assurances/";0;54;0.00;34.4
"https://www.bluevistaprod.com/realisation-de-film-evenements/";0;1091;0.00;27.4
"https://www.bluevistaprod.com/realisations/abb-snk-3d-industrie/";0;3;0.00;3.3
"https://www.bluevistaprod.com/realisations/alorem/";0;2;0.00;24.5
"https://www.bluevistaprod.com/realisations/amplitude-voeux-2018/";0;1;0.00;20.0
"https://www.bluevistaprod.com/realisations/waygoo-motion-design/";0;5;0.00;9.6
"https://www.bluevistaprod.com/wp-content/uploads/2023/05/image-article-contenu-1.png";0;1;0.00;10.0