date,clics,impressions,ctr,position
2025-04-21,6,705,0.85,45.9
2025-04-22,8,723,1.11,40.1
2025-04-23,12,879,1.37,38.4
2025-04-24,12,765,1.57,40.1
2025-04-25,6,796,0.75,42.1
2025-04-26,2,686,0.29,49
2025-04-27,7,784,0.89,46.6
2025-04-28,11,1079,1.02,44.1
2025-04-29,9,854,1.05,39.9
2025-04-30,3,738,0.41,44.4
2025-05-01,0,723,0,45.4
2025-05-02,2,760,0.26,44.5
2025-05-03,2,724,0.28,44.5
2025-05-04,2,859,0.23,40
2025-05-05,12,958,1.25,38.8
2025-05-06,8,987,0.81,33.1
2025-05-07,12,875,1.37,37.7
2025-05-08,5,842,0.59,43.7
2025-05-09,9,892,1.01,39.5
2025-05-10,2,855,0.23,39.1
2025-05-11,1,831,0.12,43.4
2025-05-12,10,1047,0.96,37.8
2025-05-13,14,970,1.44,38.4
2025-05-14,6,950,0.63,40.6
2025-05-15,8,935,0.86,41.5
2025-05-16,7,837,0.84,39.9
2025-05-17,1,756,0.13,42.9
2025-05-18,4,886,0.45,44.9
2025-05-19,8,978,0.82,42.7
2025-05-20,4,952,0.42,43.5
2025-05-21,14,978,1.43,41.5
2025-05-22,5,983,0.51,42.5
2025-05-23,7,903,0.78,42.9
2025-05-24,2,773,0.26,44.9
2025-05-25,1,852,0.12,43.9
2025-05-26,6,1125,0.53,41.6
2025-05-27,10,1227,0.81,43.6
2025-05-28,4,957,0.42,44.1
2025-05-29,6,950,0.63,44.4
2025-05-30,6,934,0.64,44.7
2025-05-31,6,866,0.69,47
2025-06-01,6,937,0.64,47.6
2025-06-02,8,1081,0.74,42
2025-06-03,7,1143,0.61,40.8
2025-06-04,9,1267,0.71,38.7
2025-06-05,4,1368,0.29,37.2
2025-06-06,2,1208,0.17,38.1
2025-06-07,3,871,0.34,45.2
2025-06-08,4,1132,0.35,47.2
2025-06-09,6,1250,0.48,42.8
2025-06-10,6,1083,0.55,40
2025-06-11,5,971,0.51,42.6
2025-06-12,11,1032,1.07,43.7
2025-06-13,6,927,0.65,44.1
2025-06-14,0,908,0,48.7
2025-06-15,3,975,0.31,46.3
2025-06-16,4,1025,0.39,43.4
2025-06-17,11,1036,1.06,41.3
2025-06-18,6,1008,0.6,41
2025-06-19,6,978,0.61,42.1
2025-06-20,8,930,0.86,42.8
2025-06-21,2,883,0.23,47
2025-06-22,2,883,0.23,44.9
2025-06-23,9,904,1,42.5
2025-06-24,2,1016,0.2,42.1
2025-06-25,12,975,1.23,41.4
2025-06-26,13,1106,1.18,43
2025-06-27,6,1021,0.59,43.4
2025-06-28,2,1063,0.19,39.4
2025-06-29,6,1144,0.52,39.7
2025-06-30,10,1145,0.87,42.9
2025-07-01,6,1160,0.52,43.2
2025-07-02,2,1138,0.18,41.9
2025-07-03,7,1032,0.68,43
2025-07-04,5,1094,0.46,43.9
2025-07-05,1,939,0.11,46.3
2025-07-06,3,1045,0.29,45.5
2025-07-07,7,1271,0.55,40.3
2025-07-08,9,1166,0.77,42
2025-07-09,6,1339,0.45,41.8
2025-07-10,6,1181,0.51,44.4
2025-07-11,6,1267,0.47,42
2025-07-12,1,1133,0.09,45.2
2025-07-13,1,1026,0.1,44.4
2025-07-14,1,951,0.11,45.9
2025-07-15,5,1070,0.47,41.5
2025-07-16,7,1020,0.69,42.6
2025-07-17,8,1039,0.77,43.1
2025-07-18,5,1150,0.43,43.1
2025-07-19,1,958,0.1,41.8
2025-07-20,1,969,0.1,46.9
2025-07-21,9,1167,0.77,36.8
2025-07-22,11,1207,0.91,33.2
2025-07-23,8,1082,0.74,34
2025-07-24,6,997,0.6,35.5
2025-07-25,6,1041,0.58,38.6
2025-07-26,3,877,0.34,42.4
2025-07-27,2,907,0.22,41.8
2025-07-28,2,1043,0.19,38.4
2025-07-29,5,933,0.54,38.2
2025-07-30,5,922,0.54,40.3
2025-07-31,4,955,0.42,39
2025-08-01,1,1016,0.1,41.5
2025-08-02,0,798,0,43.9
2025-08-03,0,764,0,44.3
2025-08-04,4,880,0.45,42.3
2025-08-05,5,921,0.54,40.3
2025-08-06,5,943,0.53,39.5
2025-08-07,8,888,0.9,40.7
2025-08-08,2,907,0.22,41.8
2025-08-09,2,911,0.22,42.7
2025-08-10,1,900,0.11,42.9
2025-08-11,6,1319,0.45,42.1
2025-08-12,4,1012,0.4,40.7
2025-08-13,4,981,0.41,41.8
2025-08-14,4,951,0.42,40.8
2025-08-15,0,898,0,43.4
2025-08-16,2,877,0.23,44
2025-08-17,1,805,0.12,43.8
2025-08-18,7,951,0.74,40.2
2025-08-19,7,948,0.74,40.8
2025-08-20,3,954,0.31,42.3
2025-08-21,5,936,0.53,42.6
2025-08-22,3,961,0.31,40
2025-08-23,2,868,0.23,40.6
2025-08-24,2,954,0.21,38.9
2025-08-25,4,904,0.44,35.5
2025-08-26,11,1172,0.94,36.4
2025-08-27,9,1160,0.78,34.9
2025-08-28,6,1172,0.51,37.3
2025-08-29,3,1212,0.25,37.3
2025-08-30,1,955,0.1,41.6
2025-08-31,4,1047,0.38,40.8
2025-09-01,8,1244,0.64,37.5
2025-09-02,6,1182,0.51,37.9
2025-09-03,8,1204,0.66,39.6
2025-09-04,4,1155,0.35,38.2
2025-09-05,4,1099,0.36,40.8
2025-09-06,2,943,0.21,43.7
2025-09-07,4,1148,0.35,42.2
2025-09-08,10,1156,0.87,38
2025-09-09,8,1237,0.65,38.2
2025-09-10,9,1269,0.71,32.5
2025-09-11,10,1033,0.97,28.4
2025-09-12,11,887,1.24,25.6
2025-09-13,4,452,0.88,24.1
2025-09-14,2,605,0.33,26.5
2025-09-15,10,864,1.16,27.5
2025-09-16,6,730,0.82,23.1
2025-09-17,5,706,0.71,24
2025-09-18,9,698,1.29,20.7
2025-09-19,8,767,1.04,22.8
2025-09-20,4,480,0.83,26.3
2025-09-21,5,494,1.01,25.3
2025-09-22,12,699,1.72,21.7
2025-09-23,8,707,1.13,21.5
2025-09-24,11,797,1.38,22.9
2025-09-25,8,713,1.12,20.5
2025-09-26,8,677,1.18,24.1
2025-09-27,4,551,0.73,27.4
2025-09-28,3,562,0.53,26
2025-09-29,8,776,1.03,23.1
2025-09-30,10,1018,0.98,21
2025-10-01,8,1112,0.72,18.8
2025-10-02,8,848,0.94,23
2025-10-03,7,739,0.95,25.2
2025-10-04,4,570,0.7,26.8
2025-10-05,6,516,1.16,25.6
2025-10-06,15,788,1.9,24
2025-10-07,8,769,1.04,22.3
2025-10-08,5,776,0.64,21.4
2025-10-09,7,675,1.04,23.2
2025-10-10,5,768,0.65,23.1
2025-10-11,2,558,0.36,24.8
2025-10-12,3,586,0.51,23.7
2025-10-13,11,756,1.46,20.4
2025-10-14,12,708,1.69,19.9
2025-10-15,4,824,0.49,24.7
2025-10-16,5,809,0.62,22.6
2025-10-17,4,688,0.58,23.5
2025-10-18,1,550,0.18,23.7
2025-10-19,2,600,0.33,21.7
2025-10-20,13,754,1.72,19.4
2025-10-21,6,657,0.91,20
2025-10-22,9,803,1.12,21.9
2025-10-23,9,779,1.16,20.4
2025-10-24,6,684,0.88,20
2025-10-25,3,592,0.51,22.1
2025-10-26,1,580,0.17,20.2
2025-10-27,9,695,1.29,19.2
2025-10-28,10,707,1.41,21.6
2025-10-29,10,849,1.18,21.4
2025-10-30,9,742,1.21,23.9
2025-10-31,6,757,0.79,23.5
2025-11-01,4,667,0.6,23.4
2025-11-02,1,674,0.15,23.4
2025-11-03,11,717,1.53,21.2
2025-11-04,5,708,0.71,21.1
2025-11-05,9,676,1.33,21.3
2025-11-06,6,752,0.8,24.7
2025-11-07,0,674,0,25.2
2025-11-08,2,556,0.36,24.8
2025-11-09,5,676,0.74,24.7
2025-11-10,6,739,0.81,21.7
2025-11-11,1,719,0.14,25
2025-11-12,9,715,1.26,21.6
2025-11-13,4,844,0.47,21.1
2025-11-14,3,749,0.4,19.9
2025-11-15,3,569,0.53,22.8
2025-11-16,2,563,0.36,21.3
2025-11-17,7,727,0.96,18.4
2025-11-18,10,777,1.29,20.8
2025-11-19,6,725,0.83,20.2
2025-11-20,11,747,1.47,21
2025-11-21,7,619,1.13,21.8
2025-11-22,3,539,0.56,23.5
2025-11-23,5,573,0.87,18.8
2025-11-24,8,666,1.2,17.3
2025-11-25,6,706,0.85,18.9
2025-11-26,9,690,1.3,20.5
2025-11-27,4,723,0.55,20.8
2025-11-28,5,678,0.74,21.6
2025-11-29,0,602,0,23.4
2025-11-30,4,591,0.68,20.2
2025-12-01,4,767,0.52,20.2
2025-12-02,3,759,0.4,19
2025-12-03,13,789,1.65,19.5
2025-12-04,4,788,0.51,21.1
2025-12-05,8,762,1.05,22.2
2025-12-06,0,611,0,23.5
2025-12-07,3,585,0.51,21.1
2025-12-08,7,712,0.98,18.6
2025-12-09,7,829,0.84,19.9
2025-12-10,2,753,0.27,20.4
2025-12-11,6,650,0.92,21.8
2025-12-12,7,665,1.05,23
2025-12-13,6,560,1.07,22.2
2025-12-14,2,577,0.35,20.7
2025-12-15,6,876,0.68,20.7
2025-12-16,7,820,0.85,20
2025-12-17,8,704,1.14,17.9
2025-12-18,9,949,0.95,23.9
2025-12-19,3,772,0.39,22.6
2025-12-20,3,655,0.46,24.7
2025-12-21,5,680,0.74,24.6
2025-12-22,3,657,0.46,20.6
2025-12-23,4,704,0.57,22.9
2025-12-24,1,727,0.14,23.5
2025-12-25,4,651,0.61,24.3
2025-12-26,3,576,0.52,21.1
2025-12-27,4,618,0.65,22.4
2025-12-28,3,571,0.53,20.6
2025-12-29,3,667,0.45,19.2
2025-12-30,7,750,0.93,23.5
2025-12-31,2,618,0.32,22.9
2026-01-01,0,629,0,24.6
2026-01-02,3,561,0.53,23.8
2026-01-03,2,510,0.39,23.6
2026-01-04,2,590,0.34,21.8
2026-01-05,8,989,0.81,20.3
2026-01-06,11,719,1.53,17.9
2026-01-07,9,1056,0.85,19.5
2026-01-08,2,980,0.2,18.4
2026-01-09,4,946,0.42,19.6
2026-01-10,0,795,0,19.9
2026-01-11,4,813,0.49,22
2026-01-12,9,811,1.11,17.9
2026-01-13,6,926,0.65,17.7
2026-01-14,4,878,0.46,18
2026-01-15,12,898,1.34,16.6
2026-01-16,5,954,0.52,18.6
2026-01-17,3,818,0.37,21.9
2026-01-18,2,747,0.27,18.8
2026-01-19,2,1018,0.2,18.4
2026-01-20,4,1057,0.38,17.1
2026-01-21,6,1001,0.6,20.1
2026-01-22,8,1027,0.78,19.7
2026-01-23,7,6282,0.11,25.8
2026-01-24,3,901,0.33,20.7
2026-01-25,4,813,0.49,20.5
2026-01-26,4,1049,0.38,19
2026-01-27,9,1012,0.89,20
2026-01-28,7,856,0.82,18.4
2026-01-29,8,992,0.81,19.5
2026-01-30,4,1056,0.38,20.3
2026-01-31,3,900,0.33,20.4
2026-02-01,1,834,0.12,21.9
2026-02-02,12,996,1.2,18.1
2026-02-03,7,890,0.79,15.4
2026-02-04,11,1276,0.86,20.8
2026-02-05,9,909,0.99,18.7
2026-02-06,7,823,0.85,21.2
2026-02-07,1,530,0.19,19.9
2026-02-08,3,726,0.41,22.6
2026-02-09,12,1028,1.17,22.6
2026-02-10,6,973,0.62,22.5
2026-02-11,4,1072,0.37,23.5
2026-02-12,4,875,0.46,23
2026-02-13,0,663,0,20.6
2026-02-14,5,503,0.99,24
2026-02-15,4,476,0.84,23.8
2026-02-16,9,736,1.22,18.1
2026-02-17,7,662,1.06,18.2
2026-02-18,14,792,1.77,20.4
2026-02-19,7,772,0.91,17.8
2026-02-20,5,767,0.65,18.5
2026-02-21,2,423,0.47,22.2
2026-02-22,3,511,0.59,19.4
2026-02-23,8,684,1.17,15.4
2026-02-24,6,584,1.03,17.8
2026-02-25,9,2085,0.43,36.8
2026-02-26,13,582,2.23,20
2026-02-27,7,509,1.38,18.1
2026-02-28,7,499,1.4,19
2026-03-01,5,509,0.98,20.5
2026-03-02,6,655,0.92,17.1
2026-03-03,8,1086,0.74,22.5
2026-03-04,10,602,1.66,18.8
2026-03-05,6,884,0.68,21.5
2026-03-06,4,857,0.47,24.3
2026-03-07,5,408,1.23,21.1
2026-03-08,2,466,0.43,17.9
2026-03-09,8,650,1.23,19.2
2026-03-10,5,620,0.81,18.4
2026-03-11,6,621,0.97,17.8
2026-03-12,7,1003,0.7,22.9
2026-03-13,7,750,0.93,23.4
2026-03-14,5,568,0.88,22.4
2026-03-15,1,523,0.19,23.2
2026-03-16,15,655,2.29,20.1
2026-03-17,10,543,1.84,19.6
2026-03-18,9,607,1.48,20.4
2026-03-19,5,558,0.9,20.4
2026-03-20,4,639,0.63,18.7
2026-03-21,1,503,0.2,23.1
2026-03-22,4,500,0.8,22.3
2026-03-23,7,651,1.08,25.2
2026-03-24,5,493,1.01,16.4
2026-03-25,5,625,0.8,17
2026-03-26,9,458,1.97,15.9
2026-03-27,3,381,0.79,15.7
2026-03-28,7,350,2,17.3
2026-03-29,2,335,0.6,14.9
2026-03-30,14,556,2.52,14.2
2026-03-31,7,521,1.34,13.5
2026-04-01,4,1492,0.27,30.2
2026-04-02,10,723,1.38,25.6
2026-04-03,5,418,1.2,16.6
2026-04-04,2,278,0.72,16.3
2026-04-05,1,321,0.31,19
2026-04-06,3,334,0.9,16.6
2026-04-07,5,426,1.17,15
2026-04-08,8,473,1.69,13.6
2026-04-09,7,445,1.57,15.5
2026-04-10,5,399,1.25,15.8
2026-04-11,7,361,1.94,19.6
2026-04-12,1,421,0.24,15.6
2026-04-13,8,420,1.9,16.3
2026-04-14,5,463,1.08,17.5
2026-04-15,9,395,2.28,15.8
2026-04-16,7,364,1.92,16.8
2026-04-17,1,429,0.23,18.7
2026-04-18,1,302,0.33,17.8
2026-04-19,1,342,0.29,18.8
2026-04-20,3,383,0.78,18.6
2026-04-21,8,368,2.17,16.8
2026-04-22,6,398,1.51,18.2
2026-04-23,8,346,2.31,20.6
2026-04-24,5,340,1.47,19.6
2026-04-25,1,257,0.39,19.2
2026-04-26,2,281,0.71,19.1
2026-04-27,1,373,0.27,17.4
2026-04-28,10,372,2.69,17.3
2026-04-29,7,445,1.57,19.4
2026-04-30,7,297,2.36,20.5
2026-05-01,2,264,0.76,19.5
2026-05-02,2,253,0.79,19.6
2026-05-03,4,271,1.48,19.9
2026-05-04,10,414,2.42,18.9
2026-05-05,4,531,0.75,20.1
2026-05-06,11,426,2.58,17.3
2026-05-07,3,409,0.73,17.2
2026-05-08,0,336,0,18.9
2026-05-09,4,337,1.19,18.3
2026-05-10,3,357,0.84,17.5
2026-05-11,4,464,0.86,19.5
2026-05-12,5,473,1.06,18
2026-05-13,10,485,2.06,19.7
2026-05-14,5,342,1.46,19.2
2026-05-15,3,271,1.11,16.1
2026-05-16,1,235,0.43,16.7
2026-05-17,5,256,1.95,16.1
2026-05-18,2,387,0.52,12.7
2026-05-19,6,364,1.65,13.1
2026-05-20,7,393,1.78,17
2026-05-21,2,314,0.64,17.1
2026-05-22,5,313,1.6,14.1
2026-05-23,2,254,0.79,14.2
2026-05-24,3,262,1.15,16.9
2026-05-25,5,314,1.59,17
2026-05-26,8,402,1.99,15.7
2026-05-27,2,427,0.47,18.8
2026-05-28,2,354,0.56,16.4
2026-05-29,7,344,2.03,14.4
2026-05-30,2,234,0.85,17.7
2026-05-31,2,235,0.85,16.6
2026-06-01,9,419,2.15,15.4
2026-06-02,2,345,0.58,14.8
2026-06-03,8,412,1.94,15.3
2026-06-04,8,388,2.06,18.2
2026-06-05,2,293,0.68,15.1
2026-06-06,0,245,0,17.5
2026-06-07,2,311,0.64,15.9
2026-06-08,4,471,0.85,19.4
2026-06-09,9,375,2.4,14.1
2026-06-10,3,430,0.7,14.3
2026-06-11,6,325,1.85,13.9
2026-06-12,5,314,1.59,14.5
2026-06-13,2,241,0.83,14.9
2026-06-14,5,252,1.98,16.6
2026-06-15,11,439,2.51,15.8
2026-06-16,4,360,1.11,16.3
2026-06-17,5,425,1.18,21.2
2026-06-18,9,324,2.78,15.4
2026-06-19,3,259,1.16,14.6
2026-06-20,4,229,1.75,13.7
2026-06-21,3,247,1.21,17
2026-06-22,9,391,2.3,17.8
2026-06-23,3,364,0.82,14.7
2026-06-24,6,364,1.65,18.1
2026-06-25,5,375,1.33,17
2026-06-26,3,355,0.85,15.9
2026-06-27,4,331,1.21,15
2026-06-28,6,290,2.07,16.2
2026-06-29,5,434,1.15,18.4
2026-06-30,5,420,1.19,22.6
2026-07-01,4,486,0.82,22.1
2026-07-02,9,418,2.15,22.3
2026-07-03,3,354,0.85,20.4
2026-07-04,0,231,0,20.2
2026-07-05,2,253,0.79,16.3
2026-07-06,5,404,1.24,18.2
2026-07-07,6,348,1.72,14.8
2026-07-08,3,374,0.8,17.6
2026-07-09,4,384,1.04,15.9
2026-07-10,3,369,0.81,13.9
2026-07-11,1,313,0.32,18.9
2026-07-12,1,344,0.29,16.6
2026-07-13,4,417,0.96,15.1
2026-07-14,1,361,0.28,16.4
2026-07-15,1,369,0.27,18.5
2026-07-16,6,379,1.58,16.1
2026-07-17,10,651,1.54,23
2026-07-18,4,281,1.42,19.4
2026-07-19,6,340,1.76,15.2
2026-07-20,7,487,1.44,23.8
2026-07-21,5,378,1.32,15.4
2026-07-22,3,367,0.82,18.4
2026-07-23,5,353,1.42,19.7
2026-07-24,1,341,0.29,21
2026-07-25,0,394,0,25.9
2026-07-26,1,405,0.25,21.7
2026-07-27,6,545,1.1,20.8
2026-07-28,3,612,0.49,22.7
2026-07-29,2,761,0.26,22
2026-07-30,6,535,1.12,24.6
2026-07-31,4,564,0.71,22.5
2026-08-01,2,557,0.36,24.1
2026-08-02,1,496,0.2,24.5
2026-08-03,8,622,1.29,22
2026-08-04,3,684,0.44,24
2026-08-05,6,685,0.88,24.3
2026-08-06,3,604,0.5,23.1
2026-08-07,3,509,0.59,24.3
2026-08-08,1,361,0.28,27.8
2026-08-09,2,425,0.47,27.4
2026-08-10,4,581,0.69,26.8
2026-08-11,0,532,0,28.3
2026-08-12,6,548,1.09,29.7
2026-08-13,3,493,0.61,28.7
2026-08-14,2,551,0.36,30.6
2026-08-15,2,409,0.49,29.5
2026-08-16,3,454,0.66,30.3
2026-08-17,4,621,0.64,26.7
