page,clics,impressions,ctr,position
https://www.bluevistaprod.com/,1024,51049,2.01,34.1
https://www.bluevistaprod.com/studio-animation-3d-lyon/,214,21256,1.01,26.6
http://www.bluevistaprod.com/,184,5169,3.56,9.8
https://en.bluevistaprod.com/,181,9863,1.84,8.4
https://www.bluevistaprod.com/nos-competences/video-mapping/,121,15601,0.78,18.9
https://www.bluevistaprod.com/nos-competences/live-streaming-webtv/,105,5954,1.76,20.7
https://www.bluevistaprod.com/nos-realisations/engie-home-services-video-thermostat-migo/,72,10791,0.67,12.1
https://www.bluevistaprod.com/studio-animation-3d-paris/,72,23751,0.3,33.5
https://www.bluevistaprod.com/agence/,47,4224,1.11,9.2
https://www.bluevistaprod.com/nos-competences/animation-3d/,40,4550,0.88,42
https://en.bluevistaprod.com/our-skills/live-streaming-webtv/,26,1173,2.22,11.7
https://www.bluevistaprod.com/contact-devis/,20,1384,1.45,3.5
https://www.bluevistaprod.com/nos-competences/motion-design/,20,19123,0.1,70.2
https://www.bluevistaprod.com/nos-realisations/verizon-connect-video-de-presentation/,20,9797,0.2,11.4
https://www.bluevistaprod.com/nos-realisations/,19,2244,0.85,4.1
https://www.bluevistaprod.com/nos-competences/aftermovie-captation-evenementielle/,18,10279,0.18,21.9
https://www.bluevistaprod.com/nos-realisations/eiffage-energie-expercite/,18,3948,0.46,6.9
https://www.bluevistaprod.com/realisation-film-entreprise-lyon/,18,22120,0.08,41.7
https://www.bluevistaprod.com/video-publicitaire/,16,37035,0.04,29.6
https://www.bluevistaprod.com/nos-realisations/thx-medical-dosamat-digital-2-0/,15,857,1.75,7.5
https://www.bluevistaprod.com/nos-realisations/stann-lapplication-de-gestion-dentreprise/,14,9197,0.15,8.3
https://www.bluevistaprod.com/actualites/sport-boules-16eme-trophee-emile-terrier/,13,807,1.61,9.1
https://www.bluevistaprod.com/mentions-legales/,13,1370,0.95,4.5
https://www.bluevistaprod.com/nos-competences/creation-immersive-realite-virtuelle/,13,3171,0.41,51.9
https://www.bluevistaprod.com/actualites/motion-design-3d-et-mapping-a-paris-au-musee-rodin/,12,892,1.35,31.6
https://www.bluevistaprod.com/actualites/video-immersive-360/,12,4252,0.28,17.3
https://en.bluevistaprod.com/nos-realisations/radisson-360-vr/,10,367,2.72,9.2
https://www.bluevistaprod.com/actualites/video-mapping-lyon-intercontinental-grand-hotel-dieu/,9,671,1.34,25.6
https://www.bluevistaprod.com/nos-realisations/printemps-nouvelle-identite/,9,203,4.43,17.1
https://www.bluevistaprod.com/realisation-film-sante/,9,3529,0.26,15.7
https://www.bluevistaprod.com/actualites/bluevista-video-showreel-2023/,8,3094,0.26,11
https://www.bluevistaprod.com/nos-realisations/amplitude-amplivision/,8,883,0.91,18.1
https://www.bluevistaprod.com/actualites/animation-3d-grande-arche-de-la-defense/,7,394,1.78,19.4
https://en.bluevistaprod.com/nos-realisations/hitachi-cs-net/,6,982,0.61,12.5
https://www.bluevistaprod.com/film-d-entreprise-paris-15-ans-d-experience/,6,10368,0.06,33.1
https://en.bluevistaprod.com/3d-animation-studio-in-paris/,5,940,0.53,25.4
https://en.bluevistaprod.com/actualites/gf-machining-solutions-virtual-showroom/,5,86,5.81,12.3
https://en.bluevistaprod.com/nos-realisations/thx-medical-dosamat-digital-2-0/,5,364,1.37,11.5
https://www.bluevistaprod.com/actualites/author/guillaume/page/4/,5,53,9.43,19.9
https://www.bluevistaprod.com/nos-competences/video-aerienne-drone/,5,6270,0.08,43.8
https://www.bluevistaprod.com/actualites/50ans-de-lpa-une-histoire-lyonnaise/,4,281,1.42,15
https://www.bluevistaprod.com/actualites/carte-de-voeux-video/,4,3495,0.11,37.2
https://www.bluevistaprod.com/actualites/guitare-en-scene-2023/,4,846,0.47,17.5
https://www.bluevistaprod.com/actualites/projet-de-realisation-video-360/,4,473,0.85,24.3
https://www.bluevistaprod.com/bluevista-agence-metaverse/,4,7739,0.05,28.9
https://www.bluevistaprod.com/nos-competences/studio-fond-vert-compositing/,4,1314,0.3,24
https://www.bluevistaprod.com/nos-realisations/qwartz/,4,645,0.62,34
https://www.bluevistaprod.com/nos-realisations/tetro-grand-hotel-dieu/,4,227,1.76,13.9
https://www.bluevistaprod.com/video-promotionnelle/,4,2140,0.19,12.4
https://en.bluevistaprod.com/actualites/barpi-industrial-accident-prevention/,3,5341,0.06,6.9
https://en.bluevistaprod.com/actualites/getlive-tv-3-0-wbe-tv-according-to-bluevista/,3,79,3.8,7.4
https://en.bluevistaprod.com/nos-realisations/amplitude-amplivision/,3,659,0.46,7.1
https://www.bluevistaprod.com/actualites/barpi-prevention-accidents/,3,262,1.15,13.8
https://www.bluevistaprod.com/actualites/blueverse/,3,50,6,8.3
https://www.bluevistaprod.com/actualites/inauguration-intercontinental-lyon-grand-hotel-dieu/,3,285,1.05,20.7
https://www.bluevistaprod.com/actualites/realisation-immersion-360-degres-dameuse-pisten-bully/,3,373,0.8,19
https://www.bluevistaprod.com/nos-realisations/artcurial-mapping/,3,208,1.44,47.6
https://www.bluevistaprod.com/realisation-video-geneve/,3,3035,0.1,33
https://en.bluevistaprod.com/actualites/360-immersive-video/,2,109,1.83,34.9
https://en.bluevistaprod.com/nos-realisations/opiiec/,2,48,4.17,7.3
https://en.bluevistaprod.com/nos-realisations/pisten-bully-360-vr-snowcat/,2,464,0.43,9.1
https://en.bluevistaprod.com/nos-realisations/santos-i-grind-coffee-grinder-reveal/,2,59,3.39,17.6
https://en.bluevistaprod.com/our-skills/3d-animation/,2,224,0.89,30.3
https://en.bluevistaprod.com/our-skills/immersive-creation-virtual-reality/,2,314,0.64,22.9
https://www.bluevistaprod.com/actualites/animation-3d-produit-hitachi-csnet-manager/,2,404,0.5,12.4
https://www.bluevistaprod.com/actualites/bluevista-le-motion-design/,2,410,0.49,34.7
https://www.bluevistaprod.com/actualites/category/videomapping/,2,162,1.23,55
https://www.bluevistaprod.com/actualites/koesio-carte-de-voeux-2023/,2,1932,0.1,42.8
https://www.bluevistaprod.com/actualites/mase-4-motions/,2,538,0.37,25.8
https://www.bluevistaprod.com/actualites/showroom-virtuel-gf-machining-solutions/,2,527,0.38,42.3
https://www.bluevistaprod.com/nos-realisations/arrow-abox-memo/,2,192,1.04,18.4
https://www.bluevistaprod.com/nos-realisations/bluevista-showreel-2025/,2,526,0.38,6.9
https://www.bluevistaprod.com/nos-realisations/hitachi-cs-net/,2,1266,0.16,10.7
https://www.bluevistaprod.com/nos-realisations/hitachi-yutaki/,2,233,0.86,41.1
https://www.bluevistaprod.com/nos-realisations/irisolaris-aftermovie-irisdays-2024/,2,17,11.76,6.5
https://www.bluevistaprod.com/nos-realisations/koesio-convention-2024/,2,17,11.76,4.8
https://www.bluevistaprod.com/nos-realisations/mapping-audi/,2,122,1.64,14.5
https://www.bluevistaprod.com/nos-realisations/pisten-bully-dameuse-360-vr/,2,290,0.69,19.1
https://www.bluevistaprod.com/nos-realisations/radisson-360-vr/,2,342,0.58,28
https://www.bluevistaprod.com/realisation-film-lancement-produit/,2,3096,0.06,33.5
https://en.bluevistaprod.com/actualites/50-years-of-lpa-a-lyonnaise-story/,1,74,1.35,9.9
https://en.bluevistaprod.com/actualites/inauguration-intercontinental-lyon-grand-hotel-dieu/,1,155,0.65,13.2
https://en.bluevistaprod.com/actualites/santos-i-grind-the-coffee-mill/,1,54,1.85,9.6
https://en.bluevistaprod.com/actualites/sport-boules-16th-emile-terrier-trophy/,1,99,1.01,7.5
https://en.bluevistaprod.com/actualites/stann/,1,198,0.51,8.1
https://en.bluevistaprod.com/actualites/the-bluevista-metaverse-the-blueverse/,1,221,0.45,11.2
https://en.bluevistaprod.com/actualites/video-mapping-lyon-intercontinental-grand-hotel-dieu/,1,42,2.38,20.4
https://en.bluevistaprod.com/advertising-video/,1,171,0.58,10
https://en.bluevistaprod.com/contact-quotation/,1,106,0.94,7.2
https://en.bluevistaprod.com/corporate-film-in-lyon/,1,260,0.38,30.3
https://en.bluevistaprod.com/geneva-event-video-production/,1,1321,0.08,52.2
https://en.bluevistaprod.com/nos-realisations/deko-presentation-film/,1,47,2.13,14.5
https://en.bluevistaprod.com/nos-realisations/eiffage-energie-expercite/,1,97,1.03,11.6
https://en.bluevistaprod.com/nos-realisations/engie-home-services-migo-thermostat-video/,1,174,0.57,21.3
https://en.bluevistaprod.com/nos-realisations/icsi-briefing-debriefing-minute-darret/,1,15,6.67,9.4
https://en.bluevistaprod.com/nos-realisations/riso-comcolor/,1,14,7.14,20.4
https://en.bluevistaprod.com/nos-realisations/stann-the-business-management-application/,1,192,0.52,13.2
https://en.bluevistaprod.com/our-skills/aerial-video-drone/,1,96,1.04,28.7
https://en.bluevistaprod.com/our-skills/aftermovie-event-capture/,1,347,0.29,49.7
https://en.bluevistaprod.com/the-agency/,1,505,0.2,7.5
https://en.bluevistaprod.com/video-production-in-geneva/,1,4906,0.02,27
https://www.bluevistaprod.com/actualites/bluevista-video-showreel-2021/,1,125,0.8,9.1
https://www.bluevistaprod.com/actualites/mapping-printemps-lyon/,1,404,0.25,26.6
https://www.bluevistaprod.com/actualites/nos-dernieres-interviews/,1,88,1.14,4.6
https://www.bluevistaprod.com/actualites/santos-i-grind/,1,65,1.54,20.2
https://www.bluevistaprod.com/actualites/vercors-les-chemins-de-la-liberte/,1,151,0.66,17.7
https://www.bluevistaprod.com/nos-competences/video-corporate-film-dentreprise/,1,11267,0.01,57.2
https://www.bluevistaprod.com/nos-realisations/40-ans-siparex/,1,33,3.03,16.1
https://www.bluevistaprod.com/nos-realisations/araymond-share/,1,8,12.5,45.4
https://www.bluevistaprod.com/nos-realisations/bluevista-creative-la-pizza/,1,1346,0.07,6.7
https://www.bluevistaprod.com/nos-realisations/bluevista-showreel-2020/,1,424,0.24,5.7
https://www.bluevistaprod.com/nos-realisations/bos/,1,150,0.67,34.4
https://www.bluevistaprod.com/nos-realisations/cera-agence-innovation/,1,1025,0.1,39.3
https://www.bluevistaprod.com/nos-realisations/deko-film-de-presentation/,1,231,0.43,15.2
https://www.bluevistaprod.com/nos-realisations/dromis-equans-ineo/,1,1579,0.06,47.2
https://www.bluevistaprod.com/nos-realisations/elistair-orion/,1,76,1.32,9.6
https://www.bluevistaprod.com/nos-realisations/gloupii/,1,41,2.44,15
https://www.bluevistaprod.com/nos-realisations/guitare-en-scene-edition-2024/,1,44,2.27,14.4
https://www.bluevistaprod.com/nos-realisations/hitachi-film-catalogue-2021/,1,28,3.57,5.7
https://www.bluevistaprod.com/nos-realisations/hitachi-hikumo/,1,272,0.37,23.7
https://www.bluevistaprod.com/nos-realisations/hitachi-triple-c/,1,47,2.13,34.6
https://www.bluevistaprod.com/nos-realisations/icsi-briefing-debriefing-minute-darret/,1,28,3.57,31
https://www.bluevistaprod.com/nos-realisations/isara-interviews-detudiants/,1,33,3.03,38.6
https://www.bluevistaprod.com/nos-realisations/koesio-voeux-2024/,1,17,5.88,6.7
https://www.bluevistaprod.com/nos-realisations/olinn-video-publicitaire/,1,467,0.21,14.6
https://www.bluevistaprod.com/nos-realisations/servier-cancer-colorectal/,1,4,25,6.5
https://www.bluevistaprod.com/nos-realisations/spc/,1,10,10,4.4
https://www.bluevistaprod.com/nos-realisations/tetro-fete-des-lumieres-2021/,1,18,5.56,5
https://www.bluevistaprod.com/nos-realisations/tetro-stalactite-light-show/,1,22,4.55,5.1
https://www.bluevistaprod.com/realisation-film-evenementiel/,1,691,0.14,27.4
https://www.bluevistaprod.com/realisation-film-industrie/,1,204,0.49,11.3
https://www.bluevistaprod.com/realisation-film-territoires/,1,76,1.32,21.8
https://en.bluevistaprod.com/3d-animation-studio-in-lyon/,0,212,0,17.9
https://en.bluevistaprod.com/actualites/360-degree-immersion-realization-pisten-bully-snow-groomer/,0,55,0,20.5
https://en.bluevistaprod.com/actualites/360-video-production-project/,0,37,0,30.2
https://en.bluevistaprod.com/actualites/3d-animation-hitachi-csnet-manager-product/,0,14,0,13.3
https://en.bluevistaprod.com/actualites/3d-motion-design-and-mapping-in-paris-at-the-rodin-museum/,0,86,0,19.9
https://en.bluevistaprod.com/actualites/aravi-season-2022-2023/,0,47,0,6.4
https://en.bluevistaprod.com/actualites/artcurial-mapping-20-years/,0,14,0,20
https://en.bluevistaprod.com/actualites/author/guillaume/page/2/,0,6,0,7.5
https://en.bluevistaprod.com/actualites/author/guillaume/page/5/,0,1,0,6
https://en.bluevistaprod.com/actualites/author/guillaume/page/6/,0,2,0,14
https://en.bluevistaprod.com/actualites/bluevista-creative-unicorn-team/,0,3,0,3
https://en.bluevistaprod.com/actualites/bluevista-creative-video-a-real-team-1-flexibility-video/,0,10,0,24.4
https://en.bluevistaprod.com/actualites/bluevista-creative-video-a-real-team-2-diversity/,0,17,0,14.1
https://en.bluevistaprod.com/actualites/bluevista-creative-video-a-real-team-3-productivity/,0,54,0,13.7
https://en.bluevistaprod.com/actualites/bluevista-creative-video-a-virtual-world-1-motorcycles/,0,34,0,6.5
https://en.bluevistaprod.com/actualites/bluevista-video-showreel-2021/,0,22,0,12.8
https://en.bluevistaprod.com/actualites/bluevista-video-showreel-2023/,0,6,0,12.2
https://en.bluevistaprod.com/actualites/category/360-vr-video/,0,22,0,26.6
https://en.bluevistaprod.com/actualites/category/3d-animation/feed/,0,14,0,17.3
https://en.bluevistaprod.com/actualites/category/3d-animation/page/2/,0,14,0,10.7
https://en.bluevistaprod.com/actualites/category/advertising/,0,1,0,9
https://en.bluevistaprod.com/actualites/category/corporate-en/,0,14,0,34.6
https://en.bluevistaprod.com/actualites/category/studio-shooting/page/2/,0,3,0,6
https://en.bluevistaprod.com/actualites/clip-corporate-bos-equipement/,0,16,0,29.7
https://en.bluevistaprod.com/actualites/equita-lyon-dailynews/,0,2,0,53.5
https://en.bluevistaprod.com/actualites/filming-in-preparation-in-the-vercors-regional-nature-park/,0,1,0,12
https://en.bluevistaprod.com/actualites/guitare-en-scene-2023/,0,35,0,13.4
https://en.bluevistaprod.com/actualites/immersive-semi-transparent-projection-for-building-inauguration/,0,2,0,8.5
https://en.bluevistaprod.com/actualites/koesio-greeting-card-2023/,0,47,0,20.3
https://en.bluevistaprod.com/actualites/live-video-homeserve-20ans/,0,27,0,18.4
https://en.bluevistaprod.com/actualites/mase-rhone-alpes-motions/,0,13,0,7.1
https://en.bluevistaprod.com/actualites/new-hardware-motion-control-kessler/,0,30,0,13.6
https://en.bluevistaprod.com/actualites/peninsula-pink-october/,0,30,0,16
https://en.bluevistaprod.com/actualites/printemps-lyon-brand-change/,0,7,0,8.6
https://en.bluevistaprod.com/actualites/show-reel-videos-drone/,0,1,0,7
https://en.bluevistaprod.com/actualites/streaming-live-and-webtv-demo-2018/,0,8,0,20
https://en.bluevistaprod.com/actualites/studio-shooting-santos-film/,0,10,0,12.6
https://en.bluevistaprod.com/actualites/tag/creation-en/,0,20,0,12.5
https://en.bluevistaprod.com/actualites/tag/event-en/,0,2,0,4
https://en.bluevistaprod.com/actualites/tag/technology/,0,8,0,14.3
https://en.bluevistaprod.com/actualites/technical-3d-animation-explaining-the-renovation-work-on-the-grande-arche-de-la-defense/,0,44,0,13.2
https://en.bluevistaprod.com/actualites/timelapse-of-studio-shooting/,0,3,0,8.7
https://en.bluevistaprod.com/corporate-film-paris-15-years-of-experience/,0,32,0,38.6
https://en.bluevistaprod.com/film-production-banking-and-insurance/,0,118,0,9
https://en.bluevistaprod.com/film-production-health/,0,90,0,40.3
https://en.bluevistaprod.com/film-production-industry/,0,200,0,7.8
https://en.bluevistaprod.com/film-production-product-launch/,0,116,0,11.6
https://en.bluevistaprod.com/film-production-territories/,0,93,0,10.6
https://en.bluevistaprod.com/metaverse/,0,280,0,14.4
https://en.bluevistaprod.com/news/,0,310,0,11.1
https://en.bluevistaprod.com/nos-realisations/abb-af-contactor/,0,1,0,30
https://en.bluevistaprod.com/nos-realisations/abb-snk-3d-solar/,0,44,0,16.2
https://en.bluevistaprod.com/nos-realisations/alorem/,0,24,0,18.4
https://en.bluevistaprod.com/nos-realisations/american-vintage-video-store/,0,1,0,5
https://en.bluevistaprod.com/nos-realisations/amplitude-greetings-2018/,0,4,0,8.5
https://en.bluevistaprod.com/nos-realisations/amplitude-greetings-2024/,0,1,0,86
https://en.bluevistaprod.com/nos-realisations/arrow-abox-memo/,0,18,0,22.8
https://en.bluevistaprod.com/nos-realisations/assisqual/,0,2,0,8.5
https://en.bluevistaprod.com/nos-realisations/bbgr-360/,0,59,0,24.4
https://en.bluevistaprod.com/nos-realisations/bluevista-creative-a-real-team-1-flexibility/,0,40,0,8.3
https://en.bluevistaprod.com/nos-realisations/bluevista-creative-a-real-team-3-productivity/,0,15,0,12.5
https://en.bluevistaprod.com/nos-realisations/bluevista-creative-la-pizza/,0,8,0,8.1
https://en.bluevistaprod.com/nos-realisations/bluevista-creative-unicorn-team/,0,5,0,6.8
https://en.bluevistaprod.com/nos-realisations/bluevista-showreel-2020/,0,3,0,5
https://en.bluevistaprod.com/nos-realisations/bos/,0,19,0,12.2
https://en.bluevistaprod.com/nos-realisations/cera-innovation-agency/,0,7,0,4.6
https://en.bluevistaprod.com/nos-realisations/cisco-motion-design-video-platform/,0,29,0,4.8
https://en.bluevistaprod.com/nos-realisations/clip-report-massy-grand-ouest/,0,14,0,23
https://en.bluevistaprod.com/nos-realisations/cpro-film-corpo/,0,31,0,24.4
https://en.bluevistaprod.com/nos-realisations/cpro-no-need-to-add-more/,0,37,0,24.2
https://en.bluevistaprod.com/nos-realisations/dromis-equans-ineo/,0,47,0,15.1
https://en.bluevistaprod.com/nos-realisations/e-xpert-solutions-devsecops/,0,1,0,9
https://en.bluevistaprod.com/nos-realisations/e-xpert-solutions-ecd/,0,10,0,7.8
https://en.bluevistaprod.com/nos-realisations/e-xpert-solutions-zero-trust/,0,17,0,40.6
https://en.bluevistaprod.com/nos-realisations/elistair-orion/,0,69,0,28.1
https://en.bluevistaprod.com/nos-realisations/gf-core-corporate-film/,0,20,0,6.9
https://en.bluevistaprod.com/nos-realisations/gf-cs/,0,4,0,9
https://en.bluevistaprod.com/nos-realisations/gf-ds-family/,0,2,0,29
https://en.bluevistaprod.com/nos-realisations/ghi/,0,27,0,7.6
https://en.bluevistaprod.com/nos-realisations/gloupii/,0,90,0,5
https://en.bluevistaprod.com/nos-realisations/hdi-moving-to-the-new-tower/,0,22,0,15.9
https://en.bluevistaprod.com/nos-realisations/hitachi-film-catalogue-2021/,0,32,0,9.6
https://en.bluevistaprod.com/nos-realisations/hitachi-hikumo/,0,31,0,27.8
https://en.bluevistaprod.com/nos-realisations/hitachi-yutaki/,0,22,0,35.4
https://en.bluevistaprod.com/nos-realisations/koesio-greetings-2023/,0,5,0,8.6
https://en.bluevistaprod.com/nos-realisations/koesio-greetings-2024/,0,37,0,19.6
https://en.bluevistaprod.com/nos-realisations/mapping-audi/,0,16,0,14.6
https://en.bluevistaprod.com/nos-realisations/mapping-toky/,0,10,0,14.9
https://en.bluevistaprod.com/nos-realisations/mase-rhone-alpes-motion-design/,0,35,0,19.4
https://en.bluevistaprod.com/nos-realisations/motion-design-sodexo/,0,3,0,5.3
https://en.bluevistaprod.com/nos-realisations/naos-contributor-interview-2/,0,8,0,12.4
https://en.bluevistaprod.com/nos-realisations/naos-contributor-interview/,0,42,0,18.2
https://en.bluevistaprod.com/nos-realisations/olinn-advertising-video/,0,50,0,8.4
https://en.bluevistaprod.com/nos-realisations/qwartz/,0,51,0,14.2
https://en.bluevistaprod.com/nos-realisations/santos-blender66/,0,2,0,10
https://en.bluevistaprod.com/nos-realisations/serl-video-360-vr/,0,1,0,23
https://en.bluevistaprod.com/nos-realisations/sfs-intec/,0,2,0,11.5
https://en.bluevistaprod.com/nos-realisations/spc/,0,56,0,16.6
https://en.bluevistaprod.com/nos-realisations/spring-mapping/,0,5,0,56
https://en.bluevistaprod.com/nos-realisations/spring-new-identity/,0,5,0,88.6
https://en.bluevistaprod.com/nos-realisations/tetro-carre-senart/,0,19,0,12.8
https://en.bluevistaprod.com/nos-realisations/tetro-fete-des-lumieres-2021/,0,33,0,24.5
https://en.bluevistaprod.com/nos-realisations/tetro-fete-des-lumieres-2022/,0,16,0,14.9
https://en.bluevistaprod.com/nos-realisations/tetro-fubiztalks-2017/,0,2,0,6
https://en.bluevistaprod.com/nos-realisations/tetro-grand-hotel-dieu/,0,4,0,2.8
https://en.bluevistaprod.com/nos-realisations/tetro-navya/,0,25,0,27.9
https://en.bluevistaprod.com/nos-realisations/tetro-stalactite-light-show/,0,85,0,32.4
https://en.bluevistaprod.com/nos-realisations/time-lapse-la-cleda/,0,5,0,20.6
https://en.bluevistaprod.com/nos-realisations/verizon-connect-video-presentation/,0,89,0,23.5
https://en.bluevistaprod.com/nos-realisations/wallmapping-tokys-mesaventures/,0,16,0,18.3
https://en.bluevistaprod.com/nos-realisations/we-see-big/,0,57,0,20.4
https://en.bluevistaprod.com/our-achievements/,0,152,0,16.9
https://en.bluevistaprod.com/our-skills/,0,77,0,7.4
https://en.bluevistaprod.com/our-skills/corporate-video-corporate-film/,0,336,0,56.5
https://en.bluevistaprod.com/our-skills/green-screen-studio-compositing/,0,42,0,31.4
https://en.bluevistaprod.com/our-skills/motion-design/,0,236,0,22.2
https://en.bluevistaprod.com/our-skills/video-mapping/,0,67,0,12.7
https://www.bluevistaprod.com/actualites/,0,675,0,27.3
https://www.bluevistaprod.com/actualites/after-movie-fubiz-talks-2018/,0,2,0,9
https://www.bluevistaprod.com/actualites/aravi-saison-2022-2023/,0,972,0,9.7
https://www.bluevistaprod.com/actualites/artcurial-20ans/,0,15,0,12.1
https://www.bluevistaprod.com/actualites/author/guillaume/page/2/,0,9,0,33.6
https://www.bluevistaprod.com/actualites/bluevista-creative-la-pizza/,0,1,0,9
https://www.bluevistaprod.com/actualites/bluevista-creative-unicorn-team/,0,33,0,25.1
https://www.bluevistaprod.com/actualites/bluevista-creative-video-un-monde-virtuel-1-la-moto/,0,63,0,45
https://www.bluevistaprod.com/actualites/bluevista-creative-video-une-vraie-equipe-1-la-flexibilite/,0,2,0,13.5
https://www.bluevistaprod.com/actualites/bluevista-creative-video-une-vraie-equipe-2-la-diversite/,0,2,0,3
https://www.bluevistaprod.com/actualites/bluevista-creative-video-une-vraie-equipe-3-la-productivite/,0,23,0,9.7
https://www.bluevistaprod.com/actualites/bluevista-video-showreel-2020/,0,130,0,12.2
https://www.bluevistaprod.com/actualites/category/animation_3d/,0,59,0,47.2
https://www.bluevistaprod.com/actualites/category/animation_3d/feed/,0,3,0,14.7
https://www.bluevistaprod.com/actualites/category/animation_3d/page/2/,0,1,0,64
https://www.bluevistaprod.com/actualites/category/animation_3d/page/3/,0,10,0,67.3
https://www.bluevistaprod.com/actualites/category/corporate/,0,11,0,43.6
https://www.bluevistaprod.com/actualites/category/corporate/page/2/,0,9,0,28.8
https://www.bluevistaprod.com/actualites/category/interview/,0,9,0,28.8
https://www.bluevistaprod.com/actualites/category/motion_design/,0,34,0,47.2
https://www.bluevistaprod.com/actualites/category/motion_design/page/2/,0,1,0,9
https://www.bluevistaprod.com/actualites/category/motion_design/page/3/,0,2,0,4.5
https://www.bluevistaprod.com/actualites/category/publicite/,0,6,0,52.2
https://www.bluevistaprod.com/actualites/category/tournage-studio/,0,56,0,55
https://www.bluevistaprod.com/actualites/category/tournage-studio/page/2/,0,19,0,19.8
https://www.bluevistaprod.com/actualites/category/video-360-vr/,0,407,0,37.3
https://www.bluevistaprod.com/actualites/category/video-panoramique/,0,17,0,41.2
https://www.bluevistaprod.com/actualites/clip-corporate-bos-equipement/,0,6,0,11.8
https://www.bluevistaprod.com/actualites/decouvrez-notre-nouvelle-bande-demo-3d/,0,30,0,47.6
https://www.bluevistaprod.com/actualites/equita-lyon-2019-daily-news/,0,2,0,23.5
https://www.bluevistaprod.com/actualites/equita-lyon-dailynews/,0,78,0,56.1
https://www.bluevistaprod.com/actualites/film-de-presentation-produit/,0,4,0,8
https://www.bluevistaprod.com/actualites/film-dentreprise-video-15-ans-dexperience/,0,1,0,10
https://www.bluevistaprod.com/actualites/getlive-tv-3-0-la-wbe-tv-selon-bluevista/,0,43,0,8.2
https://www.bluevistaprod.com/actualites/la-realite-virtuelle-oculus-a-bluevista/,0,21,0,35
https://www.bluevistaprod.com/actualites/live-video-homeserve-20ans/,0,53,0,30
https://www.bluevistaprod.com/actualites/mecenat-club-lyon-la-duchere/,0,3,0,8.7
https://www.bluevistaprod.com/actualites/motion-design-pedagogique/,0,1,0,7
https://www.bluevistaprod.com/actualites/nouveau-materiel-motion-control-kessler/,0,24,0,9.2
https://www.bluevistaprod.com/actualites/peninsula-octobre-rose/,0,126,0,17.3
https://www.bluevistaprod.com/actualites/projection-semi-transparente-immersive-pour-linauguration-dun-batiment/,0,3,0,21.7
https://www.bluevistaprod.com/actualites/realisation-de-3-clips-produit-en-studio-pour-la-societe-riso/,0,5,0,11.6
https://www.bluevistaprod.com/actualites/realisation-de-film-dentreprise-ou-corporate/,0,20,0,19.4
https://www.bluevistaprod.com/actualites/serie-de-6-videos-promotionnelles-pour-les-produits-abb-snk/,0,10,0,5.6
https://www.bluevistaprod.com/actualites/show-reel-motion-design/,0,326,0,33.8
https://www.bluevistaprod.com/actualites/show-reel-videos-drone/,0,23,0,82.1
https://www.bluevistaprod.com/actualites/stann/,0,8816,0,7.1
https://www.bluevistaprod.com/actualites/streaming-live-et-webtv-demo-2018/,0,31,0,19.8
https://www.bluevistaprod.com/actualites/tag/after-movie/,0,18,0,51.8
https://www.bluevistaprod.com/actualites/tag/borne-interactive/,0,1,0,13
https://www.bluevistaprod.com/actualites/tag/construction/,0,1,0,10
https://www.bluevistaprod.com/actualites/tag/event/,0,2,0,6
https://www.bluevistaprod.com/actualites/tag/event/feed/,0,11,0,44.3
https://www.bluevistaprod.com/actualites/tag/salon/,0,76,0,64.1
https://www.bluevistaprod.com/actualites/tag/services/,0,10,0,38.6
https://www.bluevistaprod.com/actualites/tournage-en-studio-film-produit-santos/,0,3,0,4.7
https://www.bluevistaprod.com/actualites/un-motion-design-a-lancienne-making-of/,0,16,0,22.3
https://www.bluevistaprod.com/actualites/un-tournage-en-preparation-dans-le-parc-naturel-regional-du-vercors/,0,3,0,8.7
https://www.bluevistaprod.com/film-corporate-lyon-depuis-2004/,0,179,0,43.3
https://www.bluevistaprod.com/film-entreprise-lyon-15-ans-experience/,0,232,0,43.8
https://www.bluevistaprod.com/nos-competences/,0,315,0,10.7
https://www.bluevistaprod.com/nos-realisations/30-ans-bocuse-dor-tamas-szell/,0,12,0,3.8
https://www.bluevistaprod.com/nos-realisations/abb-af-contactor/,0,9,0,18.8
https://www.bluevistaprod.com/nos-realisations/abb-snk-3d-industrie/,0,19,0,17.4
https://www.bluevistaprod.com/nos-realisations/abb-snk-3d-marine/,0,58,0,30.7
https://www.bluevistaprod.com/nos-realisations/abb-snk-3d-solaire/,0,86,0,27.4
https://www.bluevistaprod.com/nos-realisations/alorem/,0,61,0,7.8
https://www.bluevistaprod.com/nos-realisations/amplitude-voeux-2018/,0,3,0,13
https://www.bluevistaprod.com/nos-realisations/amplitude-voeux-2024/,0,26,0,47.2
https://www.bluevistaprod.com/nos-realisations/aravi-saison-2022-2023/,0,26,0,12
https://www.bluevistaprod.com/nos-realisations/aravi-saison-2024/,0,31,0,20.8
https://www.bluevistaprod.com/nos-realisations/assisqual/,0,92,0,7.8
https://www.bluevistaprod.com/nos-realisations/bbgr-360/,0,89,0,34.8
https://www.bluevistaprod.com/nos-realisations/bluevista-creative-un-monde-virtuel-1-la-moto/,0,206,0,16.8
https://www.bluevistaprod.com/nos-realisations/bluevista-creative-une-vraie-equipe-1-la-flexibilite/,0,99,0,11.2
https://www.bluevistaprod.com/nos-realisations/bluevista-creative-une-vraie-equipe-2-la-diversite/,0,9,0,38.8
https://www.bluevistaprod.com/nos-realisations/bluevista-creative-une-vraie-equipe-3-la-productivite/,0,24,0,23.4
https://www.bluevistaprod.com/nos-realisations/bluevista-creative-unicorn-team/,0,962,0,7.4
https://www.bluevistaprod.com/nos-realisations/bluevista-motion-design/,0,18,0,15.9
https://www.bluevistaprod.com/nos-realisations/bluevista-showreel-2021/,0,1,0,5
https://www.bluevistaprod.com/nos-realisations/bluevista-showreel-2023/,0,8,0,4.4
https://www.bluevistaprod.com/nos-realisations/bluevista-showreel-2024/,0,1,0,3
https://www.bluevistaprod.com/nos-realisations/cemoi-a-360/,0,40,0,28.3
https://www.bluevistaprod.com/nos-realisations/cera-fr/,0,1,0,15
https://www.bluevistaprod.com/nos-realisations/cisco-1/,0,19,0,46.6
https://www.bluevistaprod.com/nos-realisations/cisco-4/,0,3,0,26
https://www.bluevistaprod.com/nos-realisations/clasquin-convention-2024/,0,26,0,41.9
https://www.bluevistaprod.com/nos-realisations/clip-report-massy-grand-ouest/,0,22,0,7.8
https://www.bluevistaprod.com/nos-realisations/convention-huawei/,0,2,0,21.5
https://www.bluevistaprod.com/nos-realisations/cpro-film-corpo/,0,27,0,22.7
https://www.bluevistaprod.com/nos-realisations/cpro-pas-besoin-den-rajouter/,0,31,0,10.8
https://www.bluevistaprod.com/nos-realisations/e-xpert-solutions-aftermovie-ecd-2022/,0,1,0,58
https://www.bluevistaprod.com/nos-realisations/e-xpert-solutions-at-defense/,0,26,0,31.7
https://www.bluevistaprod.com/nos-realisations/e-xpert-solutions-devsecops/,0,20,0,41.1
https://www.bluevistaprod.com/nos-realisations/e-xpert-solutions-ecd/,0,8,0,52
https://www.bluevistaprod.com/nos-realisations/film-corporate-gf-core/,0,38,0,16.6
https://www.bluevistaprod.com/nos-realisations/funseaker-presentation/,0,1,0,26
https://www.bluevistaprod.com/nos-realisations/gf-ds-family/,0,71,0,17.1
https://www.bluevistaprod.com/nos-realisations/gf-gs/,0,205,0,10.3
https://www.bluevistaprod.com/nos-realisations/ghi/,0,54,0,10.4
https://www.bluevistaprod.com/nos-realisations/guitare-en-scene-edition-2023/,0,92,0,19.9
https://www.bluevistaprod.com/nos-realisations/hdi-demenagement-nouvelle-tour/,0,10,0,5.6
https://www.bluevistaprod.com/nos-realisations/icsi-briefing-debriefing-minute-darret-2/,0,66,0,39.1
https://www.bluevistaprod.com/nos-realisations/icsi-briefing-debriefing-minute-darret-3/,0,6,0,28.2
https://www.bluevistaprod.com/nos-realisations/irisolaris-presentation-groupe-2024/,0,30,0,13.8
https://www.bluevistaprod.com/nos-realisations/koesio-voeux-2022/,0,2,0,6.5
https://www.bluevistaprod.com/nos-realisations/koesio-voeux-2023/,0,163,0,11.7
https://www.bluevistaprod.com/nos-realisations/koesio-voeux-2025/,0,22,0,17.8
https://www.bluevistaprod.com/nos-realisations/lpa-50ans/,0,12,0,32.9
https://www.bluevistaprod.com/nos-realisations/lyon-la-duchere-arbre-de-noel/,0,7,0,6.7
https://www.bluevistaprod.com/nos-realisations/mapping-bocuse/,0,1,0,2
https://www.bluevistaprod.com/nos-realisations/mapping-toky/,0,78,0,8.5
https://www.bluevistaprod.com/nos-realisations/mase-motion-design/,0,11,0,18.8
https://www.bluevistaprod.com/nos-realisations/mlt-superscrew/,0,13,0,15.1
https://www.bluevistaprod.com/nos-realisations/motion-design-sodexo/,0,10,0,7.9
https://www.bluevistaprod.com/nos-realisations/motion-design-veama/,0,5,0,5.4
https://www.bluevistaprod.com/nos-realisations/naos-interview-collaborateur-2/,0,33,0,20.8
https://www.bluevistaprod.com/nos-realisations/naos-interview-collaborateur/,0,8,0,5.8
https://www.bluevistaprod.com/nos-realisations/neurones-it-video-voeux-2021/,0,4,0,20.5
https://www.bluevistaprod.com/nos-realisations/nightswapping/,0,90,0,23
https://www.bluevistaprod.com/nos-realisations/opiiec/,0,14,0,12.5
https://www.bluevistaprod.com/nos-realisations/pnr-vercors-les-chemins-de-la-liberte-la-cabane-des-carteaux/,0,10,0,7.5
https://www.bluevistaprod.com/nos-realisations/presentation-video-cpro-en-1-minute/,0,102,0,26
https://www.bluevistaprod.com/nos-realisations/printemps-mapping/,0,46,0,66.6
https://www.bluevistaprod.com/nos-realisations/riso-comcolor/,0,27,0,21.3
https://www.bluevistaprod.com/nos-realisations/santos-blender66/,0,4,0,38.3
https://www.bluevistaprod.com/nos-realisations/santos-film-produit/,0,3,0,8
https://www.bluevistaprod.com/nos-realisations/santos-i-grind-coffee-grinder-reveal/,0,40,0,23.7
https://www.bluevistaprod.com/nos-realisations/santos-i-grind-coffee-grinder-teaser/,0,9,0,27.4
https://www.bluevistaprod.com/nos-realisations/serl-video-360-vr/,0,157,0,27.4
https://www.bluevistaprod.com/nos-realisations/sfs-enveloppe-structure/,0,16,0,34.9
https://www.bluevistaprod.com/nos-realisations/sfs-intec/,0,15,0,8.3
https://www.bluevistaprod.com/nos-realisations/sfs-ligne-de-vie/,0,1,0,7
https://www.bluevistaprod.com/nos-realisations/sfs-menuiserie-industrie/,0,6,0,5.7
https://www.bluevistaprod.com/nos-realisations/sgs-making-of/,0,1,0,7
https://www.bluevistaprod.com/nos-realisations/sgs-protection-lab/,0,3,0,11.7
https://www.bluevistaprod.com/nos-realisations/ssp-presentation-globale/,0,35,0,12.7
https://www.bluevistaprod.com/nos-realisations/tetro-avenue-83/,0,4,0,7.5
https://www.bluevistaprod.com/nos-realisations/tetro-carre-senart/,0,11,0,8.4
https://www.bluevistaprod.com/nos-realisations/tetro-deepweb/,0,17,0,8
https://www.bluevistaprod.com/nos-realisations/tetro-fete-des-lumieres-2022/,0,12,0,4.3
https://www.bluevistaprod.com/nos-realisations/tetro-fubiztalks-2017/,0,2,0,11.5
https://www.bluevistaprod.com/nos-realisations/tetro-navya/,0,1,0,8
https://www.bluevistaprod.com/nos-realisations/tetro-ox/,0,11,0,6.6
https://www.bluevistaprod.com/nos-realisations/timelapse-lacleda/,0,38,0,30.1
https://www.bluevistaprod.com/nos-realisations/video-magasin-american-vintage/,0,2,0,8
https://www.bluevistaprod.com/nos-realisations/wall-mapping-les-mesaventures-de-toky/,0,13,0,14.8
https://www.bluevistaprod.com/nos-realisations/waygoo-motion-design/,0,4,0,10
https://www.bluevistaprod.com/nos-realisations/we-see-big/,0,1,0,6
https://www.bluevistaprod.com/realisation-de-film-banques-assurances/,0,118,0,49
https://www.bluevistaprod.com/realisation-de-film-evenements/,0,1241,0,28.3
https://www.bluevistaprod.com/realisations/abb-snk-3d-industrie/,0,3,0,3.3
https://www.bluevistaprod.com/realisations/abb-snk-3d-marine/,0,1,0,4
https://www.bluevistaprod.com/realisations/alorem/,0,2,0,24.5
https://www.bluevistaprod.com/realisations/amplitude-voeux-2018/,0,1,0,20
https://www.bluevistaprod.com/realisations/e-xpert-solutions-voeux-2022/,0,1,0,23
https://www.bluevistaprod.com/realisations/elistair-orion/,0,1,0,61
https://www.bluevistaprod.com/realisations/neurones-it-video-voeux-2021/,0,2,0,23
https://www.bluevistaprod.com/realisations/waygoo-motion-design/,0,5,0,9.6
https://www.bluevistaprod.com/wp-content/uploads/2023/05/image-article-contenu-1.png,0,1,0,10
