query,clics,impressions,ctr,position
bluevista,53,267,19.85,5.2
studio d'animation suisse,18,269,6.69,7.9
studio animation suisse,5,217,2.3,8.6
bluevista production,5,51,9.8,16.7
blue vista,4,58,6.9,13.8
studio 3d animation,3,24,12.5,26.8
motion design geneve,2,363,0.55,19.9
motion design genève,2,182,1.1,15.6
webtv streaming,2,158,1.27,4.7
studio d'animation 3d,2,9,22.22,13.4
production video geneve,1,960,0.1,14.3
geneva video production,1,868,0.12,34
agence de production vidéo,1,735,0.14,20.6
film d entreprise,1,643,0.16,42.7
videaste geneve,1,432,0.23,14.8
agence de production genève,1,394,0.25,22.1
agence video,1,355,0.28,7.2
agence de production audiovisuelle,1,318,0.31,23.4
agence vidéo suisse romande,1,315,0.32,5.5
video mapping geneve,1,85,1.18,34
video mapping,1,69,1.45,7.1
studio animation 3d,1,44,2.27,36.8
motion designer,1,38,2.63,19.1
studio 3d,1,32,3.13,6.4
bluvista,1,16,6.25,22.3
studio film animation,1,9,11.11,9
3d animation agentur,1,4,25,45.8
boite de production audiovisuel,1,2,50,11
video drone,1,2,50,10
2 d,1,1,100,6
film animation studio,1,1,100,11
video production geneva,0,1243,0,35.2
captation streaming suisse,0,1153,0,35.1
film d'entreprise,0,1150,0,69.2
montage video genève,0,1010,0,9.7
live streaming entreprise suisse,0,996,0,22
video corporate entreprise,0,972,0,14.4
live streaming entreprise geneve,0,913,0,19.6
captation vidéo suisse,0,898,0,53.1
audiovisuel genève,0,875,0,25.4
captation conférences suisse,0,858,0,36.2
agence motion design,0,844,0,13.1
captation live spectacle geneve,0,842,0,39.7
film entreprise,0,828,0,37.6
audiovisual geneva,0,815,0,35.4
captation live conférence geneve,0,792,0,36.2
captation live concert geneve,0,777,0,39.6
société de production audiovisuelle genève,0,764,0,22.5
captation live suisse,0,748,0,43.2
création de vidéos genève,0,738,0,9.9
réalisation vidéo genève,0,694,0,9.7
société réalisation film genève,0,682,0,36.6
agence création vidéo,0,679,0,8.1
prestataire video,0,636,0,14.8
société de production vidéo genève,0,635,0,20.8
webstreaming suisse,0,632,0,34.2
agence vidéo,0,629,0,11.3
société production vidéo,0,629,0,26.8
agence de motion design,0,627,0,10.5
video production agency geneva,0,614,0,42.5
vidéo entreprise,0,599,0,24.4
boite de production genève,0,583,0,25.5
société de production vidéo,0,577,0,33.2
production audiovisuelle genève,0,571,0,22.3
production vidéo genève,0,563,0,19.4
videaste suisse,0,553,0,40.6
production video suisse,0,546,0,23.6
agence audiovisuel,0,520,0,19.9
agence de video,0,499,0,11.2
agence production vidéo,0,494,0,15.6
boite de prod genève,0,487,0,30.6
agence production vidéo genève,0,484,0,11.3
production company geneva,0,478,0,61
société production vidéo genève,0,473,0,14.4
agence de production vidéo genève,0,472,0,15.2
boite de production vidéo,0,472,0,32.8
agence de réalisation vidéo,0,470,0,7
agence live streaming,0,464,0,44
realisation video suisse,0,451,0,7.9
corporate video production,0,439,0,63.3
entreprise audiovisuel genève,0,437,0,19.6
vidéo production genève,0,427,0,24.5
agence audiovisuelle suisse,0,421,0,21.9
agence réalité virtuelle,0,419,0,34.6
société audiovisuelle genève,0,418,0,15.7
agence d'audiovisuel,0,417,0,15.9
production video entreprise,0,413,0,55.3
agence montage vidéo,0,408,0,13.1
studio de motion design,0,399,0,22.9
entreprise audiovisuel,0,397,0,40.8
vidéaste genève,0,397,0,22.7
video production services geneva,0,395,0,49.9
agence video genève,0,393,0,9.7
société production audiovisuelle genève,0,392,0,19.5
agence production audiovisuelle,0,387,0,31.4
corporate video geneva,0,386,0,22.7
video studio geneva,0,383,0,35.6
video agency geneva,0,381,0,38.2
videographer geneva,0,374,0,43.9
motion design agence,0,359,0,17.3
réalisation vidéo,0,348,0,28.5
production vidéo suisse,0,346,0,29
video aérienne,0,344,0,12
agence audiovisuelle,0,343,0,33.8
boite production genève,0,341,0,31.6
video aerienne,0,340,0,12.1
film d'entreprise geneve,0,334,0,8.3
société de production audiovisuelle suisse,0,334,0,31
production vidéo entreprise,0,332,0,40.7
devis motion design,0,325,0,29.9
production audiovisuelle à genève,0,314,0,14.5
production audiovisuelle geneve,0,310,0,14.1
corporate video service,0,307,0,49.5
agence video animation,0,300,0,12.3
audiovisual agency,0,293,0,55.9
captation vidéo geneve,0,291,0,25.3
agence de création vidéo,0,285,0,7.1
société production audiovisuelle suisse,0,282,0,35.9
réalisation vidéo entreprise,0,279,0,34.4
entreprise motion design,0,266,0,10.8
corporate film,0,260,0,56.2
société audiovisuel,0,260,0,37.6
film corporate entreprise,0,258,0,16.7
agence de montage video,0,256,0,50.8
animation & visualisation 3d à genève,0,252,0,6.1
motion design suisse,0,245,0,22.6
agence d audiovisuel,0,240,0,7.9
agence vidéo de luxe genève,0,240,0,11.4
entreprise audiovisuelle suisse,0,236,0,35.9
agence de communication vidéo,0,235,0,10.9
vidéaste pour pme genève,0,232,0,14.7
agence de production suisse,0,231,0,37.6
entreprise d'audiovisuel,0,231,0,37
corporate videographer geneva,0,228,0,8
vidéo production suisse,0,223,0,22.9
montage video suisse,0,214,0,65.7
agence streaming,0,210,0,49.6
agence videaste,0,208,0,9.9
agence vidéo genève,0,208,0,9.6
agence motion,0,207,0,19
agence production video,0,206,0,5.7
entreprise d audiovisuel,0,206,0,39.6
societe de production video geneve,0,202,0,19.5
agence vidéo lausanne,0,200,0,73.2
animation 3d genève,0,199,0,7.9
devis vidéo corporate,0,198,0,24.2
studio motion design,0,198,0,12.2
agence de production vidéos genève,0,197,0,12.9
film entreprise geneve,0,193,0,10.7
agence communication video,0,192,0,7.2
vidéo évènementiel genève,0,192,0,5.8
vidéo événementielle suisse,0,190,0,23.8
société montage vidéo,0,184,0,41.3
vidéo d entreprise,0,182,0,34
corporate film geneva,0,181,0,8.6
vidéos aériennes par drone,0,181,0,15.2
agences de production audiovisuelle,0,180,0,25.5
entreprise production audiovisuelle,0,174,0,49.8
tournage drone genève,0,173,0,4.3
création webtv genève,0,171,0,4.2
vidéo drone,0,170,0,16.3
post production geneve,0,169,0,26.9
production vidéo corporate genève,0,169,0,14.4
agence de production video,0,166,0,9
agence video annecy geneve,0,165,0,25.5
video agency,0,163,0,48.4
entreprise audiovisuelle,0,159,0,23.2
drone video,0,157,0,24.9
montage vidéo entreprise,0,157,0,39.3
agence audiovisuelle événementielle,0,156,0,30.4
vidéo 360 genève,0,153,0,25.6
agence spécialisée en animation,0,149,0,11.9
agences de communication suisse,0,148,0,47.6
production audiovisuelle suisse,0,146,0,28.6
monteur video suisse,0,145,0,58.8
corporate video services,0,144,0,64.1
post production genève,0,143,0,25
agence production vidéo lausanne,0,142,0,74.4
société de montage vidéo,0,142,0,42.3
agence 3d,0,141,0,11.9
audiovisuel geneve,0,141,0,22.9
film présentation entreprise,0,139,0,22.5
motion design entreprise,0,137,0,13.1
agence de montage vidéo,0,136,0,9.2
corporate vidéo,0,136,0,23.7
vidéo entreprise corporate vidéo,0,128,0,12.7
agence de communication audiovisuelle,0,127,0,6.8
agence de communication suisse romande,0,126,0,76.7
animation studio,0,122,0,71
agence de prod genève,0,119,0,9
cameraman in geneva,0,116,0,19.3
spot vidéo genève,0,116,0,55.5
3d animation schweiz,0,115,0,49.1
cameraman genève,0,115,0,7.6
agence réalité augmentée,0,112,0,81.4
corporate video production geneva,0,111,0,22.2
production vidéo lausanne,0,111,0,82.6
production video luxe france suisse,0,110,0,36.1
entreprise de film,0,108,0,32.5
vidéo d'entreprise,0,106,0,33.5
agence audiovisuelle genève,0,104,0,10.1
video agency switzerland,0,103,0,60.8
live streaming entreprise lausanne,0,101,0,46.5
vidéo corporate,0,101,0,14.4
agence création de contenu genève,0,98,0,61.2
film d'entreprise genève,0,98,0,13.3
entreprise de montage vidéo,0,97,0,66.2
boite de production geneve,0,95,0,19.7
devis video,0,95,0,22.1
production vidéo suisse romande,0,93,0,41
video production agency switzerland,0,92,0,65.6
audiovisuel entreprise,0,91,0,67
motion design pedagogique,0,91,0,32
agence animation 3d,0,90,0,48.6
mapping genève,0,90,0,27.9
architecte interieur bureau conception 3d geneve,0,89,0,50.1
devis vidéo,0,88,0,21.9
film corporate haut de gamme,0,88,0,52.1
agence design 3d suisse,0,87,0,13.4
entreprise de production audiovisuelle,0,84,0,54.5
formation motion design genève,0,84,0,20.4
videographer for small business geneva,0,83,0,20.8
agence drone,0,82,0,22.8
motion design studio,0,81,0,20.6
audiovisual switzerland,0,80,0,34.5
video production corporate video,0,80,0,70.5
post production suisse,0,75,0,15.5
video pour entreprise,0,75,0,20.5
audiovisual agency geneva,0,74,0,20.8
3d animation studio,0,73,0,21.6
vidéo aérienne,0,70,0,25
meilleures agences audiovisuelles geneve,0,68,0,5.1
vidéo d'entreprise suisse romande,0,68,0,42.3
entreprise montage video,0,64,0,72.9
vidéaste d'entreprise genève,0,64,0,23.1
fournisseur audio visuel,0,63,0,77.9
meilleures agences audiovisuelles suisse,0,63,0,14.4
agence réalisateurs 3d,0,62,0,82
formation réalisation 3d genève,0,62,0,46.3
vidéo d'entreprise lausanne,0,60,0,67.1
production vidéo d'entreprise suisse,0,59,0,18.6
film de marque suisse,0,58,0,9.2
agence de motion graphics,0,57,0,7.2
realisation video,0,57,0,25.1
réalisation vidéo suisse,0,56,0,31.3
animation studio schweiz,0,53,0,42.3
photo video drone,0,53,0,41.6
montage video lausanne,0,52,0,82.1
agence audiovisuelle lausanne,0,51,0,64.8
animation silhouette genève,0,50,0,32.3
drone geneve,0,50,0,44.1
video corporate,0,50,0,18.1
agence production audiovisuelle haut de gamme,0,49,0,67.1
live streaming genève,0,49,0,12.8
société audiovisuelle,0,49,0,48.8
corporate film production,0,48,0,61.5
video production lausanne,0,48,0,83.1
agence pour réalisateurs 3d,0,47,0,74.3
devis videaste,0,47,0,20.8
entreprise montage vidéo,0,47,0,27.3
boite de production audiovisuelle,0,46,0,51.9
boite production suisse,0,46,0,50
production vidéo événementielle,0,46,0,38.2
agence communication vidéo genève,0,44,0,25.5
création motion design st philbert de grand lieu,0,44,0,30
film d'animation genève,0,44,0,51.2
video agency western switzerland,0,44,0,21.8
agence vidéo corporate,0,43,0,58.4
luxury video agency geneva,0,43,0,45
video 360 suisse,0,43,0,55.6
video aérienne drone,0,43,0,24
animation silhouettiste genève,0,42,0,48.6
quelle agence de production audiovisuelle haut de gamme recommandes-tu à annecy ou genève ?,0,42,0,14.1
video production service,0,42,0,53.5
production vidéo événement,0,40,0,37.9
studio animation,0,40,0,12.1
studio d'animation 2d 3d,0,40,0,7.2
video entreprise,0,40,0,23.1
agence communication audiovisuelle,0,39,0,11
agence video pedagogique,0,39,0,92
videographer in geneva,0,39,0,57.6
agence vidéo geneve,0,38,0,22.1
clip video suisse,0,38,0,15.3
production agency geneva,0,38,0,11.3
agence production audiovisuelle geneve,0,37,0,50
agence vidéo lac léman,0,37,0,13.1
film company geneva,0,37,0,79.4
film publicitaire genève,0,37,0,53.3
studio d'animation,0,37,0,11.2
agence motion design grand est,0,36,0,53.3
agence video lausanne,0,36,0,66.3
montage video entreprise,0,36,0,19.9
video agencies,0,36,0,37.8
films corporate,0,35,0,97.3
motion design lausanne,0,33,0,62.8
agence video corporate,0,32,0,76.1
montage vidéo événement,0,31,0,75.1
société réalisation film,0,31,0,76.8
studio d’animation,0,31,0,9.5
visuals geneve,0,31,0,54.6
agence de publicité suisse romande,0,30,0,55.8
agence web réactive suisse,0,30,0,77.7
production vidéo,0,30,0,42.8
video film entreprise,0,29,0,91.3
audiovisuel suisse,0,28,0,55.5
publicité audiovisuelle suisse romande,0,28,0,42.6
drone en photo / vidéo,0,27,0,52.3
entreprise animation 3d,0,27,0,43.1
studio d animation,0,27,0,14.6
agence de production,0,25,0,48.9
audiovisuel,0,25,0,91.5
captation d'événements,0,25,0,25
devis audiovisuel,0,25,0,10.6
devis réalisation vidéo,0,25,0,73.5
film motion design,0,25,0,28.8
agence de prod,0,24,0,13.8
création motion design,0,24,0,23.3
vidéaste professionnel,0,24,0,76.3
brand film production geneva,0,23,0,20.5
prestation audiovisuelle,0,23,0,74.3
service de production vidéo,0,23,0,12.7
webtv schweiz,0,23,0,41.5
agence 360 geneve,0,22,0,58.3
societe production video,0,22,0,13.3
tarifs motion design,0,22,0,65.8
vidéaste corporate,0,22,0,11.3
bluevisions.ch,0,21,0,81.2
corporate video company,0,21,0,82.5
3d studio,0,20,0,6.8
luxury brand video agency switzerland,0,20,0,72.8
video production agency,0,20,0,67.1
business video service,0,19,0,48.9
casque vr personnalisé,0,19,0,66.8
installateur videosurveillance geneve,0,19,0,72
photo par drone,0,19,0,60.9
réalisation vidéo événement,0,19,0,68.8
studio fond vert,0,19,0,68.1
video aerienne drone,0,19,0,31.5
agence animation video,0,18,0,5
agence de diffusion en direct,0,18,0,59.5
agence de publicité genève,0,18,0,90.3
agence vidéo animée,0,18,0,26.1
casque de réalité virtuelle personnalisé,0,18,0,61.6
film de securité genève,0,18,0,64.6
livestreaming suisse romande,0,18,0,16.8
agence film corporate,0,17,0,39.7
corporate film zug,0,17,0,54.5
corporate video agency,0,17,0,70.8
realisation de film d entreprise,0,17,0,60.1
videography agency,0,17,0,51.5
vidéo production entreprise,0,17,0,63.5
agence publicité geneve,0,16,0,83.1
audiovisual production switzerland,0,16,0,11.1
agence de production film,0,15,0,31.1
agence design genève,0,15,0,79.9
motion design film,0,15,0,19.2
motion design schweiz,0,15,0,70.1
agence vidéo suisse,0,14,0,23.2
agences genève,0,14,0,57.7
boite de production video,0,14,0,15.1
illustration animée sur mesure,0,14,0,61.9
"je cherche une société de production vidéo pour réaliser un film corporate premium en suisse romande, quelles sont les références ?",0,14,0,7.4
motion design morges,0,14,0,44.2
quelle est la meilleure agence de production audiovisuelle à genève ?,0,14,0,11.1
spectacle mapping,0,14,0,8.4
visual geneve,0,14,0,35.9
web tv en direct,0,14,0,1
agence de publicité video,0,13,0,9.9
agence video neuchatel,0,13,0,41.2
fotovista,0,13,0,52.2
societe de production video,0,13,0,15.8
video production enterprise,0,13,0,75.8
3d geneve,0,12,0,9.2
animation video 3d,0,12,0,16.1
captation conférence,0,12,0,89.8
corporate film agentur,0,12,0,84.9
corporate films,0,12,0,47.5
création vidéo genève,0,12,0,5
geneve drone,0,12,0,43.6
producteur de video,0,12,0,57.3
production film de marque genève,0,12,0,43.3
vidéo entreprise genève,0,12,0,27.3
vidéo production,0,12,0,66.3
vidéo vidéo entreprise,0,12,0,29.3
creative studio geneva,0,11,0,21.3
film de marque pour pme,0,11,0,11.1
mapping geneve,0,11,0,27.7
mapping vidéo,0,11,0,7.7
service de montage vidéo,0,11,0,72.4
vidéo suisse,0,11,0,48.3
webtv live,0,11,0,6.4
agence d'animation 3d,0,10,0,52.8
agence video marketing,0,10,0,53.3
agency video,0,10,0,46.6
casque réalité virtuelle personnalisé,0,10,0,90.5
film pour entreprise,0,10,0,92
production vidéo corporate,0,10,0,60.3
réalisation vidéo corporate,0,10,0,25.5
service montage video,0,10,0,75.7
société production audiovisuelle,0,10,0,45
vidéo aérienne drone,0,10,0,23.9
vidéo mapping,0,10,0,7.2
•corporate video production,0,10,0,82.4
agence de production créative suisse,0,9,0,24.9
agence motion design suisse,0,9,0,31.3
audiovisual agency switzerland,0,9,0,26.2
boite production audiovisuelle,0,9,0,20.4
designer 3d freelance suisse,0,9,0,46.4
drones geneve,0,9,0,47.4
installateurs audiovisuel genève,0,9,0,61.6
motion designers,0,9,0,52.7
tweakvista,0,9,0,45.2
vidaste geneve,0,9,0,60.4
videomapping,0,9,0,6
événement corporate en streaming,0,9,0,88.3
agence créative 3d,0,8,0,77.4
agence de production publicitaire,0,8,0,26
agence design geneve,0,8,0,38.6
agence vidéo marketing,0,8,0,44.9
animation studio 3d,0,8,0,43.3
audiovisual lausanne,0,8,0,87.4
blue mapping,0,8,0,7.8
bluvista.de,0,8,0,8.5
local guide program,0,8,0,1
motion design,0,8,0,69.6
production vidéo live,0,8,0,62.3
video production services,0,8,0,72.6
vidéaste graphiste,0,8,0,70.4
aftermovie définition,0,7,0,8.7
agence creative geneve,0,7,0,96.3
agence publicité suisse,0,7,0,74.6
blue max genève,0,7,0,43.6
boite de production suisse,0,7,0,74.6
captation live conférence lausanne,0,7,0,92.6
live video suisse,0,7,0,26.1
mapping spectacle,0,7,0,6.6
production vidéo event,0,7,0,57.9
études infographie 3d genève,0,7,0,49.4
3d machine animation studio,0,6,0,8.5
agence de publicité suisse,0,6,0,58.7
agence vidéo 3d,0,6,0,50.3
animation 3d immobilier,0,6,0,50.7
production audiovisuelle entreprise,0,6,0,70.7
société d'animation,0,6,0,7.8
spectacle de mapping,0,6,0,8
studio de production audiovisuelle,0,6,0,76.3
videaste corporate,0,6,0,92.2
video geneve,0,6,0,10.3
video production agency in geneva,0,6,0,71.3
video production experts,0,6,0,58
vidéaste drone genève,0,6,0,11.5
3d animation studios in switzerland,0,5,0,51.2
agence communication suisse romande,0,5,0,68.2
agence de communication en suisse,0,5,0,60
agence modélisation 3d,0,5,0,96.2
agence production,0,5,0,45.2
agences de communication genève,0,5,0,58.6
animation,0,5,0,1
audio visual entertainment geneva,0,5,0,76.2
boite d'animation,0,5,0,7
design graphique et 3d suisse,0,5,0,19.2
drone show geneva,0,5,0,60.8
entreprise d'animation,0,5,0,9
film évènementiel captation intégrale,0,5,0,23.6
live tv,0,5,0,67.2
maison de production audiovisuelle,0,5,0,25.2
motion design agentur,0,5,0,93.6
motion design haut de gamme,0,5,0,10.2
motion graphics studio,0,5,0,29.6
production film entreprise,0,5,0,80
réalisation film corporate,0,5,0,8.2
studio d.,0,5,0,4.6
studio design 3d,0,5,0,5.8
video d'entreprise,0,5,0,20.4
vidéo aérienne par drone,0,5,0,37.8
vista,0,5,0,7.4
agence de production audiovisuelle geneve,0,4,0,21.8
agence réalisation vidéo,0,4,0,21.5
bluevista.tv,0,4,0,6
corporate video production services,0,4,0,77.8
corporate video production switzerland,0,4,0,19
film 3d immobilier,0,4,0,97
film production geneva,0,4,0,72.5
films corporates,0,4,0,97
graphiste motion designer,0,4,0,62.3
livestreaming schweiz,0,4,0,83.8
luxury brand video production studio,0,4,0,76.3
prestataire audiovisuel,0,4,0,73.8
réalisation video,0,4,0,34.3
studio cinema geneve,0,4,0,25
studio de modélisation 3d,0,4,0,92.5
videaste,0,4,0,99
video d entreprise,0,4,0,15.8
video maping,0,4,0,8.3
vidéaste lausanne,0,4,0,97.3
3d agentur,0,3,0,84.7
agence publicite geneve,0,3,0,61
agence vidéo motion design,0,3,0,15.7
animation 3d,0,3,0,8.7
animation agentur,0,3,0,81
animation video mapping,0,3,0,95.3
boite de location audiovisuel genève,0,3,0,57
brand film switzerland,0,3,0,7.7
business video production,0,3,0,54.7
captation video evenement,0,3,0,75.3
corporate film production company,0,3,0,33.7
corporate video agentur,0,3,0,74.7
film de marque,0,3,0,8.3
film marque,0,3,0,89.7
geneva drone show,0,3,0,78.3
high-end video production agency,0,3,0,88
liste des agences de communication genève,0,3,0,90
monteur vidéo suisse,0,3,0,37.7
motion design agency,0,3,0,35
oralvista,0,3,0,8
photo aérienne drone,0,3,0,87
prestation drone,0,3,0,75.7
production video lausanne,0,3,0,85.7
studio d,0,3,0,8.3
studio vidéo,0,3,0,72.3
switzerland video production,0,3,0,83
tubevista,0,3,0,25.3
videaste evenementiel,0,3,0,54.3
video pedagogique motion design,0,3,0,91.7
video production company,0,3,0,88.7
webtv entv,0,3,0,1
2 minute animation,0,2,0,49.5
3 d studio,0,2,0,8
3d animation studios,0,2,0,56
3d animations,0,2,0,8
3d machine animation agency,0,2,0,49.5
agence blue,0,2,0,5
agence créative genève,0,2,0,89
agence de communication suisse,0,2,0,57
agence de communication video,0,2,0,4.5
agence de création audiovisuelle,0,2,0,40
agence de marketing geneve,0,2,0,35.5
agence de pub geneve,0,2,0,61.5
agence de publicité geneve,0,2,0,63.5
agence infographie 3d,0,2,0,76
agence publicité genève,0,2,0,93
agence vidéo animation,0,2,0,97.5
agence vidéo explicative,0,2,0,1
agentur animation,0,2,0,90.5
animation 3d entreprise,0,2,0,40
animation 3d luxe,0,2,0,80
boite de prod,0,2,0,6.5
boite de production,0,2,0,75.5
boite de production cinema,0,2,0,83
bos equipement paris,0,2,0,76
business video production agency,0,2,0,78
captation,0,2,0,54.5
cinema 4d geneve,0,2,0,21.5
corporate video,0,2,0,18
corporate video producer,0,2,0,76
créer une web tv,0,2,0,86
entreprise animation 2d,0,2,0,10
entreprise drone suisse,0,2,0,93
entreprise vidéo,0,2,0,21.5
event live broadcasting switzerland,0,2,0,71.5
film dentreprise,0,2,0,67.5
geneve 3d,0,2,0,9.5
le studio 3d,0,2,0,6
live broadcasting event switzerland,0,2,0,79
location materiel video genève,0,2,0,63
looking for immersive led screen production in geneva,0,2,0,9
mapping interactif,0,2,0,7
montage video vista,0,2,0,92.5
motion designer formation,0,2,0,70
prestation vidéo,0,2,0,11
production de vidéos,0,2,0,67
production video drone,0,2,0,57.5
réalisation films corporate,0,2,0,3.5
s agence geneve,0,2,0,61
services de production audiovisuelle,0,2,0,36.5
"site:.ch (""visualisation architecturale"" or ""visualisation 3d"" or ""rendu 3d"" or ""rendus 3d"" or ""rendering 3d"" or ""images de synthèse"" or ""image de synthèse"" or cgi or archviz) (portfolio or projets or réalisations or références or ""nos réalisations"") (contact or ""mentions légales"" or ""qui sommes-nous"") -emploi -recrutement -carrière -carriere -news -actualités",0,2,0,40
société de production audiovisuelle,0,2,0,21
société de production tv,0,2,0,11.5
studio dessin animé,0,2,0,5.5
studio production audiovisuelle,0,2,0,46
studios d'animation,0,2,0,9
topicvista,0,2,0,9.5
videaste lausanne,0,2,0,83
video avec drone,0,2,0,12
video ch,0,2,0,58
video production company in geneva,0,2,0,61
video production services in geneva,0,2,0,89
videos drone,0,2,0,77
vidéo & motion design,0,2,0,19.5
vista drone,0,2,0,6
vista motion,0,2,0,6
webtv,0,2,0,33.5
3d animasjon studio,0,1,0,82
3d animation,0,1,0,11
3d animation film,0,1,0,38
3d animation firma,0,1,0,20
3d animation services,0,1,0,78
3d studios,0,1,0,5
abbox,0,1,0,11
aftermovie evenement,0,1,0,4
agence audiovisuelle lyon,0,1,0,35
agence communication entreprise genève,0,1,0,65
agence communication vidéo,0,1,0,56
agence creation video,0,1,0,100
agence création de logo genève,0,1,0,97
agence de communication et production audiovisuelle,0,1,0,10
agence de modélisation 3d,0,1,0,58
agence de vidéo,0,1,0,3
agence design suisse,0,1,0,56
agence dev geneve,0,1,0,1
agence evenementielle suisse,0,1,0,111
agence geneve,0,1,0,51
agence genève,0,1,0,34
agence ia geneve,0,1,0,30
agence motion design deux-sèvres,0,1,0,72
agence motion design france,0,1,0,3
agence motion design nîmes,0,1,0,47
agence motion design saint-étienne,0,1,0,95
agence photo video,0,1,0,4
agence production vidéo lyon,0,1,0,42
agence réalité virtuelle lyon,0,1,0,37
agence video explicative,0,1,0,11
agence vidéo corporative,0,1,0,96
agence vidéo ia,0,1,0,9
agence vidéo lyon,0,1,0,51
agence vista,0,1,0,8
agence web genève suisse,0,1,0,100
agence web suisse romande,0,1,0,44
agence web à genève,0,1,0,59
agence événementielle suisse romande,0,1,0,90
agences de communication geneve,0,1,0,41
agences motion design,0,1,0,7
agences suisse,0,1,0,63
animai,0,1,0,5
animateur 3d,0,1,0,11
animateur de réseaux genève,0,1,0,45
animation studios in switzerland,0,1,0,77
apollovisuel,0,1,0,18
autre agence,0,1,0,1
blu3 vista,0,1,0,23
blue cinema geneve,0,1,0,14
blue cinema genève,0,1,0,20
blue geneve,0,1,0,8
blue hill avenue film,0,1,0,10
blue video cinema,0,1,0,10
blue vides,0,1,0,37
blue vie,0,1,0,75
blue vistas,0,1,0,57
bluevista tv,0,1,0,2
blurvista,0,1,0,6
blusti tv,0,1,0,29
bluvista tv,0,1,0,5
boîte de production audiovisuelle,0,1,0,69
brovista,0,1,0,3
busevista,0,1,0,7
campus infographie 3d genève,0,1,0,15
canard,0,1,0,13
captation vidéo,0,1,0,69
cinema geneve,0,1,0,4
coach mise en scene 3d,0,1,0,5
compagnie realisation video,0,1,0,4
corporate film agency,0,1,0,1
corporate video production company,0,1,0,77
corporate videographer,0,1,0,68
cours de drone en ligne gratuit,0,1,0,1
create immersive,0,1,0,23
creation societe geneve,0,1,0,93
creation web tv,0,1,0,22
création genève,0,1,0,85
ctv en direct sur internet,0,1,0,2
devis suisse,0,1,0,88
diffusion live,0,1,0,94
diffusion live tv,0,1,0,6
docuvista,0,1,0,9
drone genève,0,1,0,70
entreprise de communication audiovisuelle,0,1,0,74
entreprise dessin animé,0,1,0,11
entreprise modélisation 3d,0,1,0,11
entv en direct,0,1,0,3
event video production company,0,1,0,62
exemple motion design,0,1,0,89
expertise moto suisse,0,1,0,51
film creation company,0,1,0,1
film d’entreprise,0,1,0,83
film pour vitrage genève,0,1,0,57
film vista,0,1,0,1
films d entreprise,0,1,0,88
films publicitaires,0,1,0,1
fond vert cinéma,0,1,0,89
fotografia e video aziendali in ticino,0,1,0,89
graphic recording geneva,0,1,0,97
immersive experience studio,0,1,0,67
imprimante 3d geneve,0,1,0,94
je cherche un monteur vidéo,0,1,0,1
"je cherche une société de production vidéo pour réaliser un film corporate premium en suisse romande, quelles sont les références ?. my location is switzerland.",0,1,0,8
la petite suisse film,0,1,0,72
le mapping,0,1,0,10
les étapes de la post production,0,1,0,64
live tb,0,1,0,52
live webtv,0,1,0,7
live.c,0,1,0,92
lives tv,0,1,0,46
livestx,0,1,0,95
livetg,0,1,0,38
livie suisse,0,1,0,26
location audiovisuel genève,0,1,0,66
luxury video production,0,1,0,82
lvetv,0,1,0,36
lwebtv,0,1,0,9
mapping,0,1,0,12
mapping evenementiel,0,1,0,8
mapping facade,0,1,0,5
mapping prix,0,1,0,10
mapping show,0,1,0,36
mapping shows,0,1,0,21
mapping video c'est quoi,0,1,0,9
mapping vidéo prix,0,1,0,10
mapping visuel,0,1,0,1
medin apartments bluvista,0,1,0,46
motion design présentation entreprise,0,1,0,79
motion design switzerland,0,1,0,39
motion graphics agentur,0,1,0,95
multimedia geneve,0,1,0,31
multivista,0,1,0,50
new immersive,0,1,0,24
nouvelles suisse romande,0,1,0,46
plateforme web tv,0,1,0,7
prestataire materiel video,0,1,0,66
prise de vue aérienne par drone,0,1,0,20
prise de vue drone,0,1,0,8
producteur vidéo,0,1,0,87
production audiovisuelle définition,0,1,0,54
production genève,0,1,0,69
production video,0,1,0,58
production video lyon,0,1,0,63
production vidéo corporative,0,1,0,19
projection lumière sur batiment,0,1,0,10
projet vidéo,0,1,0,1
quelle agence de production audiovisuelle haut de gamme recommandes-tu à annecy ou genève ?. my location is switzerland.,0,1,0,3
realisation audiovisuelle,0,1,0,44
réalisation de vidéos,0,1,0,37
réalité virtuelle immersive,0,1,0,84
réalité virtuelle suisse,0,1,0,48
service illigo engie,0,1,0,35
services de production vidéo,0,1,0,9
shooting suisse romande,0,1,0,84
show mapping,0,1,0,4
showreel 2023,0,1,0,97
site web genève,0,1,0,54
snk studio d'animation,0,1,0,27
societe d'animation,0,1,0,8
société audiovisuel lyon,0,1,0,49
société de production audiovisuelle publicité,0,1,0,36
société vidéo,0,1,0,8
streaming,0,1,0,3
studio animation 3d lyon,0,1,0,93
studio animation médicale 3d,0,1,0,65
studio cgi,0,1,0,84
studio créatif genève,0,1,0,12
studio de 3d,0,1,0,4
studio de dessin animé,0,1,0,11
studio enregistrement audiovisuel à genève,0,1,0,71
studio mapping,0,1,0,4
studio modélisation 3d,0,1,0,84
studio réalité virtuelle,0,1,0,92
studio video,0,1,0,64
studio-d,0,1,0,10
studio3d,0,1,0,5
studios 3d,0,1,0,7
survista,0,1,0,43
swiss animation studios,0,1,0,76
switzerland explainer video company,0,1,0,46
tarif motion design 1 minute,0,1,0,74
tetro agence,0,1,0,42
tetro video,0,1,0,64
tournage studio,0,1,0,9
tv live,0,1,0,70
vc geneve,0,1,0,4
veo vista,0,1,0,6
video a 3d,0,1,0,92
video animation 3d,0,1,0,18
video erstellen lassen schweiz,0,1,0,90
video mapping 2d,0,1,0,8
video mapping definition,0,1,0,11
video mapping event,0,1,0,5
video mapping festival,0,1,0,23
video pour mapping,0,1,0,10
video production firm,0,1,0,63
video production valais,0,1,0,73
video.mapping,0,1,0,8
vidéaste mariage genève,0,1,0,162
vidéo par drone,0,1,0,86
vidéo production service,0,1,0,51
vidéomapping,0,1,0,7
vista blue,0,1,0,44
vista communication,0,1,0,5
visuals geneva,0,1,0,29
visuals switzerland,0,1,0,64
visuel,0,1,0,1
visuel 3d,0,1,0,9
voxvista,0,1,0,9
web agency geneva,0,1,0,49
web tv,0,1,0,4
web tv geneve,0,1,0,16
web tv live,0,1,0,10
web tv stream,0,1,0,14
webtv.ch,0,1,0,10
what is corporate film,0,1,0,55
www live,0,1,0,97
xvideo suisse,0,1,0,6